,사고번호,발생일시,발생요일,RN,사고내용,사망자수,중상자수,경상자수,부상신고자수,사고유형,법규위반,노면상태,기상상태,도로형태,가해운전자 차종,가해운전자 성별,가해운전자 연령,가해운전자 상해정도,피해운전자 차종,피해운전자 성별,피해운전자 연령,피해운전자 상해정도
0,2016061200100028,2016년 6월 12일 01시,일요일,학동로,경상사고,0,0,3,0,차대차 - 측면직각충돌,안전운전불이행,포장 - 습기,비,교차로 - 교차로부근,승용,남,29세,경상,승용,남,48세,경상
1,2016061200100071,2016년 6월 12일 04시,일요일,영동대로,중상사고,0,1,1,0,차대차 - 추돌 - 진행중,안전운전불이행,포장 - 습기,비,단일로 - 기타,승용,여,49세,경상,승용,남,63세,중상
2,2016061400100506,2016년 6월 14일 20시,화요일,강남대로,경상사고,0,0,1,0,차대차 - 추돌 - 진행중,안전운전불이행,포장 - 습기,비,미분류 - 미분류,승합,남,55세,상해없음,승합,남,46세,상해없음
3,2016061500100054,2016년 6월 15일 05시,수요일,강남대로,경상사고,0,0,1,2,차대차 - 추돌 - 진행중,안전운전불이행,포장 - 습기,비,단일로 - 기타,승용,여,34세,부상신고,승합,남,52세,부상신고
4,2016061500100080,2016년 6월 15일 07시,수요일,논현로,경상사고,0,0,1,1,차대차 - 정면충돌,안전운전불이행,포장 - 습기,비,단일로 - 기타,화물,남,44세,상해없음,승용,남,44세,경상
5,2016061500100118,2016년 6월 15일 08시,수요일,압구정로,경상사고,0,0,1,0,차대차 - 기타,안전운전불이행,포장 - 습기,비,단일로 - 기타,승용,남,28세,상해없음,승용,여,46세,경상
6,2016061500100307,2016년 6월 15일 14시,수요일,테헤란로,중상사고,0,1,0,0,차대차 - 기타,안전거리미확보,포장 - 습기,비,교차로 - 교차로부근,승용,여,39세,중상,승용,남,71세,상해없음
7,2016061500100378,2016년 6월 15일 16시,수요일,테헤란로,경상사고,0,0,1,0,차대사람 - 기타,안전운전불이행,포장 - 습기,비,교차로 - 교차로안,화물,남,32세,상해없음,보행자,남,64세,경상
8,2016061500100414,2016년 6월 15일 17시,수요일,논현로,경상사고,0,0,1,0,차대차 - 기타,안전운전불이행,포장 - 습기,비,단일로 - 기타,승용,남,47세,상해없음,승용,남,39세,경상
9,2016062200100267,2016년 6월 22일 14시,수요일,언주로,중상사고,0,1,0,0,차대차 - 측면직각충돌,신호위반,포장 - 습기,비,단일로 - 기타,승용,여,54세,상해없음,이륜,남,52세,중상
10,2016062300100575,2016년 6월 23일 23시,목요일,봉은사로,경상사고,0,0,2,0,차대차 - 추돌 - 진행중,안전운전불이행,포장 - 습기,비,단일로 - 기타,승용,남,46세,상해없음,승용,남,56세,경상
11,2016062400100069,2016년 6월 24일 05시,금요일,양재대로,사망사고,1,0,0,0,차량단독 - 기타,안전운전불이행,포장 - 습기,비,단일로 - 기타,이륜,남,39세,사망,,,,
12,2016062400100181,2016년 6월 24일 09시,금요일,테헤란로,경상사고,0,0,1,0,차대사람 - 횡단중,안전운전불이행,포장 - 습기,비,교차로 - 교차로안,승용,남,37세,상해없음,보행자,남,29세,경상
13,2016062400100338,2016년 6월 24일 14시,금요일,논현로,경상사고,0,0,1,0,차대차 - 추돌 - 진행중,안전운전불이행,포장 - 습기,비,단일로 - 기타,승용,남,69세,상해없음,승용,기타불명,기타불명,기타불명
14,2016063000100048,2016년 6월 30일 05시,목요일,선릉로,중상사고,0,1,0,0,차대차 - 기타,안전운전불이행,포장 - 습기,비,교차로 - 교차로부근,승용,남,51세,상해없음,이륜,남,30세,중상
15,2016063000100153,2016년 6월 30일 10시,목요일,테헤란로,경상사고,0,0,1,0,차대차 - 측면직각충돌,안전운전불이행,포장 - 습기,비,교차로 - 교차로안,이륜,여,31세,경상,승용,남,66세,상해없음
16,2016063000100443,2016년 6월 30일 19시,목요일,언주로,경상사고,0,0,2,0,차대차 - 추돌 - 진행중,안전거리미확보,포장 - 습기,비,단일로 - 기타,승용,기타불명,기타불명,기타불명,승용,여,37세,상해없음
17,2016063000100468,2016년 6월 30일 20시,목요일,선릉로,중상사고,0,1,1,0,차대차 - 기타,안전운전불이행,포장 - 습기,비,단일로 - 기타,승용,남,62세,상해없음,승용,남,31세,경상
18,2016063000100509,2016년 6월 30일 21시,목요일,도곡로,중상사고,0,1,0,0,차대차 - 측면직각충돌,신호위반,포장 - 습기,비,교차로 - 교차로부근,승용,남,45세,상해없음,승용,남,55세,중상
19,2016070100100200,2016년 7월 1일 12시,금요일,논현로,경상사고,0,0,2,0,차대차 - 기타,안전운전불이행,포장 - 습기,비,단일로 - 기타,승용,남,47세,상해없음,승용,남,56세,경상
20,2016070100100203,2016년 7월 1일 12시,금요일,양재대로,경상사고,0,0,1,1,차대차 - 기타,안전거리미확보,포장 - 습기,비,단일로 - 기타,화물,남,43세,부상신고,승용,여,58세,경상
21,2016070100100300,2016년 7월 1일 14시,금요일,영동대로,경상사고,0,0,1,0,차대사람 - 횡단중,신호위반,포장 - 습기,비,단일로 - 횡단보도상,승용,남,76세,상해없음,보행자,여,22세,경상
22,2016070100100343,2016년 7월 1일 15시,금요일,삼성로,경상사고,0,0,1,0,차대차 - 기타,교차로운행방법위반,포장 - 습기,비,교차로 - 교차로부근,승용,여,40세,상해없음,원동기,남,59세,경상
23,2016070100100346,2016년 7월 1일 15시,금요일,양재대로,중상사고,0,2,0,0,차대차 - 추돌 - 진행중,안전운전불이행,포장 - 습기,비,단일로 - 기타,승용,여,47세,상해없음,승용,남,39세,중상
24,2016070100100603,2016년 7월 1일 20시,금요일,강남대로,경상사고,0,0,1,0,차대사람 - 횡단중,보행자보호의무위반,포장 - 습기,비,단일로 - 기타,이륜,남,30세,상해없음,보행자,여,33세,경상
25,2016070100100668,2016년 7월 1일 21시,금요일,봉은사로,경상사고,0,0,1,0,차대사람 - 기타,안전운전불이행,포장 - 습기,비,단일로 - 기타,승용,남,26세,상해없음,보행자,여,24세,경상
26,2016070100100669,2016년 7월 1일 21시,금요일,논현로,경상사고,0,0,2,0,차대차 - 추돌 - 진행중,안전운전불이행,포장 - 습기,비,단일로 - 기타,승용,남,35세,상해없음,승용,남,63세,경상
27,2016070100100670,2016년 7월 1일 21시,금요일,도산대로,경상사고,0,0,2,0,차대차 - 기타,안전운전불이행,포장 - 습기,비,교차로 - 교차로부근,승용,남,54세,경상,승용,남,29세,경상
28,2016070100100711,2016년 7월 1일 22시,금요일,논현로,경상사고,0,0,1,0,차대차 - 기타,안전운전불이행,포장 - 습기,비,단일로 - 기타,승합,남,49세,상해없음,승용,남,35세,경상
29,2016070100100759,2016년 7월 1일 23시,금요일,봉은사로,경상사고,0,0,1,0,차대차 - 기타,안전운전불이행,포장 - 습기,비,교차로 - 교차로부근,승용,남,62세,상해없음,이륜,남,43세,경상
30,2016070200100006,2016년 7월 2일 00시,토요일,영동대로,경상사고,0,0,3,0,차대차 - 측면직각충돌,안전운전불이행,포장 - 습기,비,단일로 - 기타,승용,여,40세,상해없음,승용,남,29세,경상
31,2016070400100079,2016년 7월 4일 08시,월요일,봉은사로,경상사고,0,0,1,0,차대차 - 측면직각충돌,안전운전불이행,포장 - 습기,비,단일로 - 기타,승합,남,31세,상해없음,승용,남,56세,경상
32,2016070400100205,2016년 7월 4일 12시,월요일,압구정로,경상사고,0,0,2,0,차대차 - 측면직각충돌,안전운전불이행,포장 - 습기,비,교차로 - 교차로안,승용,남,29세,기타불명,승용,남,27세,경상
33,2016070400100232,2016년 7월 4일 13시,월요일,영동대로,경상사고,0,0,3,0,차대차 - 추돌 - 진행중,안전운전불이행,포장 - 습기,비,단일로 - 기타,승용,남,59세,상해없음,승용,남,46세,경상
34,2016070400100295,2016년 7월 4일 15시,월요일,남부순환로,경상사고,0,0,1,1,차대차 - 기타,안전운전불이행,포장 - 습기,비,단일로 - 기타,이륜,남,28세,부상신고,승용,남,47세,상해없음
35,2016070400100463,2016년 7월 4일 20시,월요일,언주로,경상사고,0,0,1,0,차대차 - 추돌 - 진행중,안전운전불이행,포장 - 습기,비,교차로 - 교차로안,이륜,남,29세,경상,승용,여,64세,상해없음
36,2016070400100587,2016년 7월 4일 23시,월요일,양재대로,중상사고,0,1,0,0,차량단독 - 전도전복,과속,포장 - 습기,비,단일로 - 기타,승용,남,61세,상해없음,,,,
37,2016070500100007,2016년 7월 5일 00시,화요일,논현로,경상사고,0,0,1,0,차대차 - 추돌 - 진행중,불법유턴,포장 - 습기,비,단일로 - 기타,승용,여,47세,상해없음,승용,남,54세,경상
38,2016070500100011,2016년 7월 5일 00시,화요일,논현로,중상사고,0,1,0,0,차대차 - 추돌 - 진행중,안전운전불이행,포장 - 습기,비,교차로 - 교차로부근,승용,여,33세,상해없음,이륜,남,43세,중상
39,2016070500100050,2016년 7월 5일 04시,화요일,양재대로,경상사고,0,0,1,0,차대차 - 기타,안전운전불이행,포장 - 습기,비,단일로 - 기타,승용,남,55세,상해없음,건설기계,남,55세,상해없음
40,2016070500100099,2016년 7월 5일 08시,화요일,봉은사로,경상사고,0,0,1,0,차대차 - 측면직각충돌,안전운전불이행,포장 - 습기,비,단일로 - 기타,승용,남,50세,상해없음,이륜,남,38세,경상
41,2016070500100135,2016년 7월 5일 09시,화요일,영동대로,경상사고,0,0,1,0,차대사람 - 기타,기타,포장 - 습기,비,단일로 - 기타,승합,남,51세,상해없음,보행자,남,22세,경상
42,2016070500100214,2016년 7월 5일 12시,화요일,강남대로,중상사고,0,1,0,0,차대차 - 기타,교차로운행방법위반,포장 - 습기,비,교차로 - 교차로안,승용,남,62세,상해없음,이륜,남,41세,중상
43,2016070500100217,2016년 7월 5일 12시,화요일,테헤란로,중상사고,0,1,1,0,차대차 - 기타,기타,포장 - 습기,비,기타 - 기타,화물,남,53세,상해없음,승용,남,38세,경상
44,2016070500100276,2016년 7월 5일 14시,화요일,선릉로,경상사고,0,0,2,0,차대차 - 추돌 - 진행중,안전운전불이행,포장 - 습기,비,교차로 - 교차로부근,승합,남,48세,기타불명,승용,여,41세,경상
45,2016070500100339,2016년 7월 5일 16시,화요일,테헤란로,경상사고,0,0,1,0,차대차 - 기타,교차로운행방법위반,포장 - 습기,비,교차로 - 교차로부근,승용,남,47세,상해없음,이륜,남,26세,경상
46,2016070500100373,2016년 7월 5일 17시,화요일,언주로,중상사고,0,1,0,0,차대차 - 추돌 - 진행중,안전운전불이행,포장 - 습기,비,단일로 - 기타,승용,여,46세,상해없음,화물,남,49세,상해없음
47,2016070500100458,2016년 7월 5일 19시,화요일,테헤란로,경상사고,0,0,2,0,차대차 - 측면직각충돌,안전운전불이행,포장 - 습기,비,단일로 - 기타,승용,여,36세,상해없음,승용,남,58세,상해없음
48,2016070500100459,2016년 7월 5일 19시,화요일,논현로,경상사고,0,0,1,0,차대차 - 측면직각충돌,안전운전불이행,포장 - 습기,비,교차로 - 교차로안,승용,남,63세,상해없음,승용,여,38세,경상
49,2016070500100461,2016년 7월 5일 19시,화요일,언주로,경상사고,0,0,1,0,차대차 - 추돌 - 진행중,안전거리미확보,포장 - 습기,비,단일로 - 기타,승용,남,63세,상해없음,승용,남,55세,경상
50,2016070500100565,2016년 7월 5일 22시,화요일,영동대로,경상사고,0,0,1,0,차대사람 - 기타,안전운전불이행,포장 - 습기,비,교차로 - 교차로부근,승용,기타불명,기타불명,기타불명,보행자,남,33세,경상
51,2016070600100024,2016년 7월 6일 01시,수요일,선릉로,중상사고,0,4,1,0,차대차 - 추돌 - 진행중,안전운전불이행,포장 - 습기,비,단일로 - 기타,승용,남,43세,중상,이륜,남,34세,경상
52,2016071100100594,2016년 7월 11일 22시,월요일,강남대로,경상사고,0,0,2,0,차대차 - 기타,안전운전불이행,포장 - 습기,비,단일로 - 교량,승용,남,24세,상해없음,승용,남,45세,경상
53,2016071200100006,2016년 7월 12일 00시,화요일,논현로,경상사고,0,0,2,0,차대차 - 추돌 - 진행중,안전운전불이행,포장 - 습기,비,교차로 - 교차로부근,승용,남,37세,상해없음,승용,남,25세,경상
54,2016071200100097,2016년 7월 12일 07시,화요일,밤고개로,경상사고,0,0,1,1,차대차 - 기타,안전운전불이행,포장 - 습기,비,교차로 - 교차로안,승용,남,43세,부상신고,승용,여,61세,경상
55,2016071500100521,2016년 7월 15일 19시,금요일,도산대로,경상사고,0,0,1,0,차대차 - 측면직각충돌,직진우회전진행방해,포장 - 습기,비,교차로 - 교차로안,승용,남,64세,상해없음,승용,남,45세,경상
56,2016071500100645,2016년 7월 15일 22시,금요일,양재대로,중상사고,0,1,0,0,차대차 - 추돌 - 진행중,차로위반,포장 - 습기,비,교차로 - 교차로부근,이륜,남,47세,중상,승용,남,47세,상해없음
57,2016071600100010,2016년 7월 16일 00시,토요일,테헤란로,중상사고,0,1,0,0,차대사람 - 기타,안전운전불이행,포장 - 습기,비,교차로 - 교차로안,승용,남,50세,상해없음,보행자,남,33세,중상
58,2016071600100100,2016년 7월 16일 04시,토요일,논현로,중상사고,0,2,0,0,차대사람 - 길가장자리구역통행중,안전운전불이행,포장 - 습기,비,단일로 - 기타,승용,남,29세,상해없음,보행자,남,35세,중상
59,2016071600100119,2016년 7월 16일 05시,토요일,도산대로,중상사고,0,1,0,0,차대차 - 추돌 - 진행중,직진우회전진행방해,포장 - 습기,비,교차로 - 교차로안,승용,남,36세,상해없음,이륜,남,33세,중상
60,2016071600100137,2016년 7월 16일 06시,토요일,테헤란로,경상사고,0,0,1,0,차대차 - 기타,안전운전불이행,포장 - 습기,비,단일로 - 기타,승용,남,36세,상해없음,특수,남,43세,경상
61,2016071600100149,2016년 7월 16일 07시,토요일,선릉로,경상사고,0,0,3,0,차대차 - 측면직각충돌,직진우회전진행방해,포장 - 습기,비,교차로 - 교차로안,승용,남,54세,상해없음,승용,여,44세,경상
62,2016071600100167,2016년 7월 16일 08시,토요일,봉은사로,경상사고,0,0,1,0,차대차 - 기타,안전운전불이행,포장 - 습기,비,교차로 - 교차로안,승용,남,60세,상해없음,승용,남,37세,경상
63,2016071600100197,2016년 7월 16일 09시,토요일,영동대로,경상사고,0,0,1,0,차대차 - 측면직각충돌,안전거리미확보,포장 - 습기,비,단일로 - 기타,승용,남,61세,상해없음,승용,여,44세,상해없음
64,2016071600100355,2016년 7월 16일 14시,토요일,개포로,경상사고,0,0,1,0,차대차 - 추돌 - 진행중,안전운전불이행,포장 - 습기,비,교차로 - 교차로부근,승합,남,44세,상해없음,승용,남,35세,경상
65,2016071700100007,2016년 7월 17일 00시,일요일,남부순환로,경상사고,0,0,1,0,차대차 - 측면직각충돌,교차로운행방법위반,포장 - 습기,비,교차로 - 교차로안,승용,남,68세,상해없음,승용,남,44세,경상
66,2016071700100033,2016년 7월 17일 01시,일요일,남부순환로,경상사고,0,0,1,0,차대차 - 추돌 - 진행중,안전운전불이행,포장 - 습기,비,교차로 - 교차로안,기타불명,기타불명,기타불명,기타불명,승용,남,62세,경상
67,2016071700100051,2016년 7월 17일 02시,일요일,송파대로,경상사고,0,0,1,0,차대차 - 추돌 - 진행중,안전거리미확보,포장 - 습기,비,단일로 - 기타,승용,남,31세,상해없음,승용,남,52세,경상
68,2016071700100068,2016년 7월 17일 03시,일요일,언주로,경상사고,0,0,1,0,차대사람 - 횡단중,안전운전불이행,포장 - 습기,비,단일로 - 기타,승용,남,25세,상해없음,보행자,남,24세,경상
69,2016072900100084,2016년 7월 29일 06시,금요일,논현로,중상사고,0,1,0,0,차대차 - 기타,안전운전불이행,포장 - 습기,비,교차로 - 교차로부근,승용,남,58세,상해없음,화물,남,50세,상해없음
70,2016072900100175,2016년 7월 29일 10시,금요일,논현로,중상사고,0,1,2,0,차대차 - 추돌 - 진행중,안전운전불이행,포장 - 습기,비,단일로 - 기타,승용,남,24세,기타불명,승용,남,72세,중상
71,2016072900100666,2016년 7월 29일 23시,금요일,도곡로,중상사고,0,1,0,0,차대차 - 기타,안전운전불이행,포장 - 습기,비,단일로 - 기타,승용,남,22세,상해없음,원동기,남,29세,중상
72,2016080200100383,2016년 8월 2일 18시,화요일,압구정로,경상사고,0,0,1,0,차대차 - 기타,중앙선침범,포장 - 습기,비,단일로 - 기타,승용,남,53세,상해없음,이륜,남,53세,경상
73,2016080800100420,2016년 8월 8일 17시,월요일,영동대로,경상사고,0,0,1,0,차대차 - 기타,안전운전불이행,포장 - 습기,비,단일로 - 기타,이륜,남,27세,경상,승용,여,52세,상해없음
74,2016080900100294,2016년 8월 9일 14시,화요일,논현로,경상사고,0,0,1,0,차대사람 - 기타,안전운전불이행,포장 - 습기,비,단일로 - 기타,화물,남,50세,상해없음,보행자,여,26세,경상
75,2016081400100134,2016년 8월 14일 10시,일요일,강남대로,경상사고,0,0,1,0,차대차 - 기타,안전거리미확보,포장 - 습기,비,교차로 - 교차로부근,기타불명,기타불명,기타불명,기타불명,이륜,남,41세,경상
76,2016082100100366,2016년 8월 21일 18시,일요일,삼성로,경상사고,0,0,1,0,차대차 - 추돌 - 진행중,교차로운행방법위반,포장 - 습기,비,교차로 - 교차로안,승용,남,30세,상해없음,이륜,남,37세,경상
77,2016082500100528,2016년 8월 25일 20시,목요일,역삼로,경상사고,0,0,1,0,차대차 - 측면직각충돌,중앙선침범,포장 - 습기,비,단일로 - 기타,승용,남,50세,상해없음,이륜,남,26세,경상
78,2016082500100560,2016년 8월 25일 21시,목요일,광평로,중상사고,0,1,0,0,차대차 - 기타,안전거리미확보,포장 - 습기,비,교차로 - 교차로부근,승용,남,27세,상해없음,이륜,남,37세,중상
79,2016082600100035,2016년 8월 26일 01시,금요일,논현로,중상사고,0,1,0,0,차대사람 - 횡단중,보행자보호의무위반,포장 - 습기,비,교차로 - 교차로부근,승용,남,60세,상해없음,보행자,남,41세,중상
80,2016082600100070,2016년 8월 26일 03시,금요일,테헤란로,경상사고,0,0,1,0,차대차 - 기타,안전운전불이행,포장 - 습기,비,교차로 - 교차로부근,승용,남,49세,상해없음,승용,남,33세,경상
81,2016082600100077,2016년 8월 26일 03시,금요일,선릉로,중상사고,0,1,0,0,차대사람 - 횡단중,보행자보호의무위반,포장 - 습기,비,교차로 - 교차로안,승용,남,66세,상해없음,보행자,여,33세,중상
82,2016083000100602,2016년 8월 30일 23시,화요일,강남대로,중상사고,0,2,3,0,차대차 - 기타,중앙선침범,포장 - 습기,비,단일로 - 기타,승용,남,42세,경상,승용,남,62세,중상
83,2016083100100005,2016년 8월 31일 00시,수요일,압구정로,경상사고,0,0,1,0,차대차 - 측면직각충돌,안전거리미확보,포장 - 습기,비,교차로 - 교차로부근,이륜,남,24세,경상,승용,남,48세,상해없음
84,2016083100100022,2016년 8월 31일 01시,수요일,테헤란로,중상사고,0,1,1,0,차대차 - 추돌 - 진행중,안전운전불이행,포장 - 습기,비,단일로 - 기타,승용,남,38세,상해없음,승용,남,57세,중상
85,2016083100100035,2016년 8월 31일 02시,수요일,봉은사로,경상사고,0,0,1,0,차대차 - 측면직각충돌,안전운전불이행,포장 - 습기,비,교차로 - 교차로안,승용,남,32세,기타불명,승용,여,26세,경상
86,2016083100100081,2016년 8월 31일 05시,수요일,언주로,경상사고,0,0,1,2,차대차 - 추돌 - 진행중,안전운전불이행,포장 - 습기,비,단일로 - 기타,승용,남,56세,상해없음,화물,남,38세,부상신고
87,2016083100100082,2016년 8월 31일 05시,수요일,강남대로,경상사고,0,0,1,0,차대사람 - 기타,기타,포장 - 습기,비,단일로 - 기타,승합,남,50세,상해없음,보행자,여,47세,경상
88,2016083100100136,2016년 8월 31일 08시,수요일,학동로,경상사고,0,0,1,0,차대차 - 기타,안전거리미확보,포장 - 습기,비,단일로 - 기타,승용,여,25세,기타불명,이륜,남,41세,경상
89,2016061100100417,2016년 6월 11일 16시,토요일,상암로,경상사고,0,0,2,0,차대차 - 측면직각충돌,안전운전불이행,포장 - 습기,비,교차로 - 교차로안,승용,여,53세,상해없음,승합,남,50세,상해없음
90,2016061500100415,2016년 6월 15일 17시,수요일,동남로,중상사고,0,3,3,0,차대차 - 추돌 - 진행중,안전거리미확보,포장 - 습기,비,교차로 - 교차로부근,화물,남,30세,상해없음,승용,남,45세,경상
91,2016062200100228,2016년 6월 22일 13시,수요일,성내로,경상사고,0,0,1,0,차대차 - 기타,안전운전불이행,포장 - 습기,비,단일로 - 기타,자전거,남,11세,경상,승용,남,36세,상해없음
92,2016062300100576,2016년 6월 23일 23시,목요일,천중로,경상사고,0,0,1,0,차량단독 - 공작물충돌,안전운전불이행,포장 - 습기,비,단일로 - 기타,승용,남,41세,상해없음,,,,
93,2016062400100003,2016년 6월 24일 00시,금요일,천중로,경상사고,0,0,1,0,차대사람 - 횡단중,안전운전불이행,포장 - 습기,비,교차로 - 교차로안,승용,남,52세,상해없음,보행자,남,42세,경상
94,2016062500100394,2016년 6월 25일 15시,토요일,고덕로,부상신고사고,0,0,0,1,차대차 - 추돌 - 진행중,안전거리미확보,포장 - 습기,비,단일로 - 기타,승용,남,53세,상해없음,승합,남,55세,상해없음
95,2016070100100003,2016년 7월 1일 00시,금요일,양재대로,경상사고,0,0,1,1,차대차 - 측면직각충돌,안전운전불이행,포장 - 습기,비,단일로 - 기타,승용,여,35세,경상,특수,남,54세,상해없음
96,2016070100100671,2016년 7월 1일 21시,금요일,올림픽로,중상사고,0,1,0,0,차대사람 - 횡단중,안전운전불이행,포장 - 습기,비,교차로 - 교차로안,승용,남,40세,상해없음,보행자,여,83세,중상
97,2016070200100069,2016년 7월 2일 02시,토요일,올림픽로,경상사고,0,0,3,0,차대차 - 추돌 - 진행중,안전운전불이행,포장 - 습기,비,교차로 - 교차로부근,승용,남,43세,상해없음,승합,남,47세,경상
98,2016070400100180,2016년 7월 4일 11시,월요일,풍성로,중상사고,0,1,0,0,차대차 - 기타,안전운전불이행,포장 - 습기,비,기타 - 기타,승용,여,26세,상해없음,승용,여,58세,중상
99,2016070400100422,2016년 7월 4일 19시,월요일,상암로,경상사고,0,0,2,0,차대차 - 기타,안전운전불이행,포장 - 습기,비,교차로 - 교차로안,승용,여,48세,경상,승용,남,42세,경상
100,2016070500100074,2016년 7월 5일 06시,화요일,아리수로,경상사고,0,0,2,0,차대차 - 추돌 - 진행중,안전운전불이행,포장 - 습기,비,단일로 - 기타,특수,남,50세,상해없음,건설기계,남,57세,경상
101,2016070500100598,2016년 7월 5일 23시,화요일,천호대로,경상사고,0,0,2,0,차대차 - 추돌 - 진행중,안전운전불이행,포장 - 습기,비,교차로 - 교차로부근,승용,남,50세,상해없음,승용,남,33세,경상
102,2016071500100683,2016년 7월 15일 23시,금요일,구천면로,경상사고,0,0,1,0,차대차 - 기타,중앙선침범,포장 - 습기,비,교차로 - 교차로안,승용,기타불명,기타불명,기타불명,이륜,남,26세,경상
103,2016071600100083,2016년 7월 16일 03시,토요일,강변북로,중상사고,0,2,0,0,차대차 - 추돌 - 진행중,안전운전불이행,포장 - 습기,비,단일로 - 기타,승용,남,34세,상해없음,화물,남,47세,중상
104,2016071700100235,2016년 7월 17일 14시,일요일,아리수로,중상사고,0,1,0,0,차대차 - 기타,안전운전불이행,포장 - 습기,비,교차로 - 교차로안,승용,남,62세,상해없음,이륜,남,50세,중상
105,2016071800100028,2016년 7월 18일 04시,월요일,구천면로,부상신고사고,0,0,0,1,차대차 - 측면직각충돌,신호위반,포장 - 습기,비,단일로 - 기타,승용,남,60세,상해없음,자전거,남,34세,부상신고
106,2016072900100553,2016년 7월 29일 20시,금요일,고덕로,사망사고,1,0,0,0,차대사람 - 차도통행중,안전운전불이행,포장 - 습기,비,교차로 - 교차로안,승용,여,39세,상해없음,보행자,여,88세,사망
107,2016082600100071,2016년 8월 26일 03시,금요일,상일로,중상사고,0,2,0,0,차대사람 - 횡단중,안전운전불이행,포장 - 습기,비,기타 - 기타,이륜,남,37세,상해없음,보행자,여,47세,중상
108,2016083100100045,2016년 8월 31일 03시,수요일,천호대로,경상사고,0,0,1,0,차대사람 - 횡단중,안전운전불이행,포장 - 습기,비,교차로 - 교차로부근,승용,남,33세,상해없음,보행자,남,36세,경상
109,2016083100100110,2016년 8월 31일 07시,수요일,고덕로,경상사고,0,0,1,0,차대차 - 기타,안전거리미확보,포장 - 습기,비,단일로 - 기타,승합,남,36세,상해없음,승용,남,30세,경상
110,2016083100100189,2016년 8월 31일 09시,수요일,올림픽로,경상사고,0,0,1,0,차량단독 - 전도전복,안전운전불이행,포장 - 습기,비,교차로 - 교차로안,승용,여,39세,경상,,,,
111,2016061100100366,2016년 6월 11일 15시,토요일,도봉로,부상신고사고,0,0,0,1,차대차 - 추돌 - 진행중,안전운전불이행,포장 - 습기,비,단일로 - 기타,이륜,남,19세,부상신고,승용,남,30세,상해없음
112,2016061100100660,2016년 6월 11일 23시,토요일,삼양로,중상사고,0,1,0,0,차대사람 - 횡단중,안전운전불이행,포장 - 습기,비,단일로 - 기타,승용,남,36세,상해없음,보행자,여,24세,중상
113,2016061500100342,2016년 6월 15일 15시,수요일,인수봉로,경상사고,0,0,1,0,차대사람 - 기타,안전운전불이행,포장 - 습기,비,단일로 - 기타,승용,남,60세,기타불명,보행자,남,13세,경상
114,2016061500100373,2016년 6월 15일 16시,수요일,솔매로,경상사고,0,0,1,0,차대차 - 기타,교차로운행방법위반,포장 - 습기,비,교차로 - 교차로안,이륜,남,25세,경상,승용,기타불명,기타불명,기타불명
115,2016061500100374,2016년 6월 15일 16시,수요일,4.19로,중상사고,0,1,0,0,차대사람 - 보도통행중,기타,포장 - 습기,비,단일로 - 기타,승용,여,73세,상해없음,보행자,남,45세,중상
116,2016062200100262,2016년 6월 22일 14시,수요일,삼각산로,중상사고,0,1,0,0,차대사람 - 횡단중,안전운전불이행,포장 - 습기,비,교차로 - 교차로부근,승합,남,64세,상해없음,보행자,남,79세,중상
117,2016062200100421,2016년 6월 22일 18시,수요일,오패산로,중상사고,0,1,0,0,차대차 - 추돌 - 진행중,안전운전불이행,포장 - 습기,비,기타 - 기타,화물,남,37세,상해없음,승용,여,47세,중상
118,2016062400100038,2016년 6월 24일 02시,금요일,한천로,중상사고,0,1,2,0,차대차 - 측면직각충돌,안전운전불이행,포장 - 습기,비,교차로 - 교차로안,승용,남,51세,상해없음,승용,남,72세,중상
119,2016062400100096,2016년 6월 24일 07시,금요일,삼양로,경상사고,0,0,1,0,차대차 - 추돌 - 진행중,안전운전불이행,포장 - 습기,비,단일로 - 기타,승용,남,56세,기타불명,승용,여,35세,경상
120,2016063000100128,2016년 6월 30일 09시,목요일,솔샘로,중상사고,0,1,0,0,차대사람 - 횡단중,안전운전불이행,포장 - 습기,비,단일로 - 횡단보도상,화물,남,30세,상해없음,보행자,남,72세,중상
121,2016070100100448,2016년 7월 1일 17시,금요일,삼양로,중상사고,0,1,0,0,차대사람 - 기타,안전운전불이행,포장 - 습기,비,단일로 - 기타,승용,여,66세,상해없음,보행자,여,8세,중상
122,2016070100100662,2016년 7월 1일 21시,금요일,한천로,경상사고,0,0,1,0,차대차 - 측면직각충돌,안전운전불이행,포장 - 습기,비,교차로 - 교차로부근,승용,남,51세,상해없음,이륜,남,30세,경상
123,2016070400100258,2016년 7월 4일 14시,월요일,삼양로,경상사고,0,0,1,0,차대차 - 정면충돌,안전운전불이행,포장 - 습기,비,교차로 - 교차로안,승용,여,35세,상해없음,이륜,남,20세,경상
124,2016070400100290,2016년 7월 4일 15시,월요일,오현로,경상사고,0,0,1,0,차대차 - 기타,안전운전불이행,포장 - 습기,비,교차로 - 교차로안,화물,남,48세,상해없음,승합,남,23세,경상
125,2016070400100536,2016년 7월 4일 22시,월요일,덕릉로,경상사고,0,0,1,0,차대사람 - 차도통행중,안전운전불이행,포장 - 습기,비,단일로 - 기타,승용,남,65세,상해없음,보행자,남,73세,경상
126,2016070500100027,2016년 7월 5일 01시,화요일,오현로,경상사고,0,0,4,0,차대차 - 추돌 - 진행중,안전운전불이행,포장 - 기타,비,단일로 - 기타,승용,남,67세,상해없음,승용,남,66세,경상
127,2016070500100096,2016년 7월 5일 08시,화요일,덕릉로,경상사고,0,0,1,0,차대차 - 측면직각충돌,안전운전불이행,포장 - 습기,비,교차로 - 교차로안,자전거,여,46세,경상,승용,남,50세,상해없음
128,2016070500100456,2016년 7월 5일 19시,화요일,삼양로,경상사고,0,0,1,0,차대사람 - 횡단중,안전운전불이행,포장 - 습기,비,단일로 - 기타,승용,남,34세,상해없음,보행자,남,2세,경상
129,2016070500100487,2016년 7월 5일 20시,화요일,인수봉로,경상사고,0,0,1,0,차대사람 - 횡단중,안전운전불이행,포장 - 습기,비,단일로 - 기타,승용,남,30세,상해없음,보행자,여,16세,경상
130,2016070600100001,2016년 7월 6일 00시,수요일,도봉로,중상사고,0,1,1,0,차대차 - 정면충돌,신호위반,포장 - 습기,비,단일로 - 기타,이륜,남,17세,중상,이륜,남,32세,경상
131,2016071200100001,2016년 7월 12일 00시,화요일,도봉로,중상사고,0,2,0,0,차대차 - 추돌 - 진행중,안전거리미확보,포장 - 습기,비,단일로 - 기타,승용,남,39세,상해없음,이륜,남,20세,중상
132,2016071600100002,2016년 7월 16일 00시,토요일,노해로,경상사고,0,0,1,0,차대사람 - 기타,기타,포장 - 습기,비,단일로 - 횡단보도부근,승합,기타불명,기타불명,기타불명,보행자,남,63세,경상
133,2016071600100003,2016년 7월 16일 00시,토요일,덕릉로,경상사고,0,0,1,0,차대차 - 기타,신호위반,포장 - 습기,비,단일로 - 기타,승용,남,65세,상해없음,이륜,남,57세,경상
134,2016071600100425,2016년 7월 16일 16시,토요일,한천로,경상사고,0,0,2,0,차대사람 - 길가장자리구역통행중,안전운전불이행,포장 - 습기,비,단일로 - 기타,승용,남,60세,상해없음,보행자,남,30세,경상
135,2016071700100002,2016년 7월 17일 00시,일요일,삼양로,경상사고,0,0,3,0,차대차 - 추돌 - 진행중,안전거리미확보,포장 - 습기,비,단일로 - 기타,승용,남,58세,상해없음,승용,남,29세,경상
136,2016071700100090,2016년 7월 17일 05시,일요일,삼양로,경상사고,0,0,3,0,차대차 - 측면직각충돌,안전거리미확보,포장 - 습기,비,단일로 - 기타,승용,남,22세,상해없음,승용,남,46세,경상
137,2016073000100001,2016년 7월 30일 00시,토요일,삼양로,경상사고,0,0,1,0,차대차 - 측면직각충돌,중앙선침범,포장 - 습기,비,단일로 - 기타,승용,남,57세,상해없음,이륜,남,20세,경상
138,2016073000100026,2016년 7월 30일 01시,토요일,덕릉로,경상사고,0,0,1,0,차대차 - 측면직각충돌,안전운전불이행,포장 - 습기,비,단일로 - 기타,이륜,남,31세,경상,승용,남,60세,상해없음
139,2016082500100474,2016년 8월 25일 19시,목요일,한천로,경상사고,0,0,1,0,차대차 - 정면충돌,교차로운행방법위반,포장 - 습기,비,교차로 - 교차로안,승용,남,55세,상해없음,원동기,남,32세,경상
140,2016063000100536,2016년 6월 30일 22시,목요일,강서로,경상사고,0,0,3,0,차대차 - 기타,안전거리미확보,포장 - 습기,비,단일로 - 기타,원동기,남,18세,경상,승용,남,59세,경상
141,2016070100100546,2016년 7월 1일 19시,금요일,강서로,경상사고,0,0,1,0,차대차 - 기타,안전운전불이행,포장 - 습기,비,단일로 - 기타,승용,남,61세,상해없음,승용,여,54세,경상
142,2016070100100712,2016년 7월 1일 22시,금요일,공항대로,경상사고,0,0,1,0,차대사람 - 횡단중,안전운전불이행,포장 - 습기,비,단일로 - 기타,승용,남,68세,상해없음,보행자,남,55세,경상
143,2016070400100385,2016년 7월 4일 18시,월요일,강서로,경상사고,0,0,1,0,차대차 - 기타,안전거리미확보,포장 - 습기,비,단일로 - 기타,승합,남,49세,기타불명,승용,남,71세,경상
144,2016070500100164,2016년 7월 5일 10시,화요일,강서로,중상사고,0,1,1,0,차대차 - 정면충돌,교차로운행방법위반,포장 - 습기,비,교차로 - 교차로안,승용,남,62세,상해없음,승용,남,66세,경상
145,2016071500100474,2016년 7월 15일 18시,금요일,강서로,경상사고,0,0,1,0,차대차 - 추돌 - 진행중,안전운전불이행,포장 - 습기,비,단일로 - 기타,승용,남,20세,상해없음,승용,남,36세,상해없음
146,2016071500100682,2016년 7월 15일 23시,금요일,월정로,경상사고,0,0,1,0,차대차 - 기타,중앙선침범,포장 - 습기,비,단일로 - 기타,승용,남,45세,상해없음,승용,남,42세,경상
147,2016071600100074,2016년 7월 16일 03시,토요일,방화대로,부상신고사고,0,0,0,1,차대차 - 추돌 - 진행중,안전운전불이행,포장 - 습기,비,교차로 - 교차로부근,승용,남,44세,상해없음,승용,여,28세,부상신고
148,2016071600100522,2016년 7월 16일 19시,토요일,양천로,부상신고사고,0,0,0,1,차대사람 - 횡단중,신호위반,포장 - 습기,비,교차로 - 교차로부근,이륜,남,28세,상해없음,보행자,남,98세 이상,부상신고
149,2016072300100540,2016년 7월 23일 20시,토요일,화곡로,경상사고,0,0,1,0,차대차 - 측면직각충돌,신호위반,포장 - 습기,비,교차로 - 교차로안,승용,여,56세,상해없음,이륜,남,20세,경상
150,2016072400100174,2016년 7월 24일 12시,일요일,올림픽대로,부상신고사고,0,0,0,1,차대차 - 기타,안전운전불이행,포장 - 습기,비,기타 - 기타,자전거,남,61세,기타불명,자전거,남,51세,부상신고
151,2016072700100610,2016년 7월 27일 23시,수요일,벌말로,경상사고,0,0,1,0,차대차 - 측면직각충돌,안전운전불이행,포장 - 습기,비,교차로 - 교차로부근,기타불명,기타불명,기타불명,기타불명,승용,여,65세,상해없음
152,2016072900100021,2016년 7월 29일 01시,금요일,공항대로,중상사고,0,1,0,0,차대사람 - 횡단중,신호위반,포장 - 습기,비,교차로 - 교차로부근,승용,남,66세,상해없음,보행자,남,58세,중상
153,2016080200100467,2016년 8월 2일 20시,화요일,개화동로,중상사고,0,1,0,0,차대사람 - 횡단중,신호위반,포장 - 습기,비,단일로 - 횡단보도상,승용,남,60세,상해없음,보행자,남,49세,중상
154,2016080900100263,2016년 8월 9일 13시,화요일,월정로,경상사고,0,0,1,0,차대차 - 기타,안전운전불이행,포장 - 습기,비,단일로 - 기타,승용,남,63세,상해없음,승용,남,68세,경상
155,2016082600100036,2016년 8월 26일 01시,금요일,화곡로,중상사고,0,2,5,0,차대차 - 정면충돌,중앙선침범,포장 - 습기,비,교차로 - 교차로부근,승합,남,59세,상해없음,승용,남,56세,경상
156,2016083100100070,2016년 8월 31일 04시,수요일,올림픽대로,경상사고,0,0,1,0,차량단독 - 기타,기타,포장 - 습기,비,단일로 - 교량,승용,남,59세,상해없음,,,,
157,2016061500100278,2016년 6월 15일 13시,수요일,난곡로,중상사고,0,1,0,0,차량단독 - 기타,안전운전불이행,포장 - 습기,비,단일로 - 기타,승합,남,60세,상해없음,,,,
158,2016062200100339,2016년 6월 22일 16시,수요일,양녕로,중상사고,0,1,0,0,차대차 - 측면직각충돌,직진우회전진행방해,포장 - 습기,비,교차로 - 교차로안,화물,남,34세,상해없음,이륜,남,68세,중상
159,2016070100100396,2016년 7월 1일 16시,금요일,신림로,중상사고,0,1,0,0,차대차 - 기타,중앙선침범,포장 - 습기,비,교차로 - 교차로부근,승용,남,58세,상해없음,승용,남,38세,상해없음
160,2016070100100754,2016년 7월 1일 23시,금요일,조원로,경상사고,0,0,1,0,차대사람 - 횡단중,안전운전불이행,포장 - 기타,비,단일로 - 기타,승용,남,58세,상해없음,보행자,남,52세,경상
161,2016070100100757,2016년 7월 1일 23시,금요일,봉천로,경상사고,0,0,1,0,차대사람 - 기타,안전운전불이행,포장 - 습기,비,단일로 - 기타,승용,기타불명,기타불명,기타불명,보행자,여,33세,경상
162,2016070200100104,2016년 7월 2일 04시,토요일,시흥대로,경상사고,0,0,1,0,차대차 - 측면직각충돌,직진우회전진행방해,포장 - 습기,비,교차로 - 교차로안,이륜,남,57세,경상,승용,남,34세,상해없음
163,2016070400100179,2016년 7월 4일 11시,월요일,신림로,중상사고,0,1,0,0,차대사람 - 기타,안전운전불이행,포장 - 기타,비,단일로 - 기타,승합,남,47세,상해없음,보행자,남,35세,중상
164,2016070500100005,2016년 7월 5일 00시,화요일,신림로,경상사고,0,0,1,0,차대차 - 측면직각충돌,안전운전불이행,포장 - 습기,비,교차로 - 교차로안,이륜,남,16세,경상,승용,남,60세,상해없음
165,2016070500100184,2016년 7월 5일 11시,화요일,남부순환로,경상사고,0,0,1,0,차대차 - 측면직각충돌,안전거리미확보,포장 - 습기,비,단일로 - 기타,승용,남,61세,상해없음,원동기,남,69세,경상
166,2016070500100369,2016년 7월 5일 17시,화요일,호암로,경상사고,0,0,1,0,차대차 - 측면직각충돌,신호위반,포장 - 습기,비,교차로 - 교차로안,승용,남,48세,상해없음,이륜,여,51세,경상
167,2016070700100141,2016년 7월 7일 10시,목요일,관악로,중상사고,0,1,0,0,차대차 - 측면직각충돌,차로위반,포장 - 습기,비,단일로 - 기타,승용,남,71세,상해없음,원동기,남,69세,중상
168,2016070700100165,2016년 7월 7일 11시,목요일,호암로,중상사고,0,1,0,0,차대사람 - 차도통행중,안전운전불이행,포장 - 습기,비,단일로 - 횡단보도부근,이륜,남,19세,상해없음,보행자,여,61세,중상
169,2016071200100028,2016년 7월 12일 02시,화요일,양녕로,경상사고,0,0,2,0,차대차 - 추돌 - 진행중,안전거리미확보,포장 - 습기,비,단일로 - 횡단보도부근,승용,남,54세,상해없음,승용,남,61세,경상
170,2016071600100007,2016년 7월 16일 00시,토요일,은천로,경상사고,0,0,1,0,차대차 - 기타,안전운전불이행,포장 - 습기,비,교차로 - 교차로안,이륜,남,48세,경상,승용,남,59세,상해없음
171,2016071600100264,2016년 7월 16일 11시,토요일,봉천로,중상사고,0,1,0,0,차대사람 - 기타,안전운전불이행,포장 - 습기,비,단일로 - 기타,승용,여,44세,상해없음,보행자,여,73세,중상
172,2016072900100280,2016년 7월 29일 13시,금요일,쑥고개로,부상신고사고,0,0,0,1,차대차 - 기타,안전운전불이행,포장 - 습기,비,교차로 - 교차로안,이륜,남,31세,부상신고,승용,남,47세,상해없음
173,2016080200100354,2016년 8월 2일 17시,화요일,과천대로,중상사고,0,1,0,0,차량단독 - 전도전복,안전운전불이행,포장 - 습기,비,단일로 - 기타,승용,남,34세,상해없음,,,,
174,2016080900100293,2016년 8월 9일 14시,화요일,봉천로,경상사고,0,0,1,0,차대사람 - 횡단중,보행자보호의무위반,포장 - 습기,비,단일로 - 횡단보도상,승용,여,38세,상해없음,보행자,여,23세,경상
175,2016082600100052,2016년 8월 26일 02시,금요일,관악로,중상사고,0,2,0,0,차대사람 - 횡단중,안전운전불이행,포장 - 습기,비,단일로 - 기타,승용,남,60세,상해없음,보행자,남,19세,중상
176,2016061200100045,2016년 6월 12일 02시,일요일,아차산로,경상사고,0,0,1,1,차대차 - 추돌 - 진행중,안전운전불이행,포장 - 습기,비,교차로 - 교차로부근,승용,남,62세,상해없음,승용,여,29세,경상
177,2016061200100046,2016년 6월 12일 02시,일요일,광장로,경상사고,0,0,3,0,차대차 - 측면직각충돌,신호위반,포장 - 습기,비,교차로 - 교차로안,승용,여,35세,상해없음,승용,남,63세,경상
178,2016061500100076,2016년 6월 15일 07시,수요일,천호대로,중상사고,0,1,0,0,차대차 - 측면직각충돌,안전운전불이행,포장 - 습기,비,교차로 - 교차로안,승용,남,57세,상해없음,원동기,남,53세,중상
179,2016061500100113,2016년 6월 15일 08시,수요일,동일로,부상신고사고,0,0,0,1,차대차 - 기타,안전운전불이행,포장 - 습기,비,미분류 - 미분류,승용,남,29세,부상신고,승용,남,37세,상해없음
180,2016061500100343,2016년 6월 15일 15시,수요일,용마산로,중상사고,0,1,0,0,차대사람 - 횡단중,안전운전불이행,포장 - 습기,비,단일로 - 기타,원동기,남,66세,상해없음,보행자,여,42세,중상
181,2016062200100335,2016년 6월 22일 16시,수요일,천호대로,경상사고,0,0,1,0,차량단독 - 기타,안전운전불이행,포장 - 습기,비,단일로 - 기타,원동기,남,62세,경상,,,,
182,2016062200100336,2016년 6월 22일 16시,수요일,광나루로,중상사고,0,1,0,0,차대차 - 기타,안전운전불이행,포장 - 습기,비,교차로 - 교차로안,승합,남,59세,상해없음,승용,여,44세,중상
183,2016062400100061,2016년 6월 24일 04시,금요일,답십리로,사망사고,1,0,0,0,차량단독 - 전도전복,안전운전불이행,포장 - 습기,비,교차로 - 교차로안,화물,남,61세,사망,,,,
184,2016070100100395,2016년 7월 1일 16시,금요일,용마산로,경상사고,0,0,1,0,차대차 - 기타,안전운전불이행,포장 - 습기,비,기타 - 기타,승용,남,25세,상해없음,보행자,여,65세,경상
185,2016070100100710,2016년 7월 1일 22시,금요일,용마산로,경상사고,0,0,1,0,차대사람 - 횡단중,안전운전불이행,포장 - 습기,비,단일로 - 기타,승용,남,56세,상해없음,보행자,여,47세,경상
186,2016070400100259,2016년 7월 4일 14시,월요일,자양로,경상사고,0,0,1,0,차대차 - 추돌 - 진행중,안전운전불이행,포장 - 습기,비,단일로 - 기타,승용,여,42세,상해없음,승용,남,36세,경상
187,2016070500100097,2016년 7월 5일 08시,화요일,천호대로,중상사고,0,1,0,0,차대차 - 기타,안전거리미확보,포장 - 습기,비,교차로 - 교차로안,승합,남,60세,기타불명,승용,남,74세,중상
188,2016070500100237,2016년 7월 5일 13시,화요일,강변북로,경상사고,0,0,1,0,차량단독 - 공작물충돌,안전운전불이행,포장 - 습기,비,기타 - 기타,승용,남,59세,상해없음,,,,
189,2016070500100368,2016년 7월 5일 17시,화요일,아차산로,경상사고,0,0,1,0,차대차 - 기타,안전운전불이행,포장 - 습기,비,교차로 - 교차로부근,승용,남,55세,상해없음,자전거,여,57세,경상
190,2016070500100488,2016년 7월 5일 20시,화요일,천호대로,중상사고,0,1,0,0,차대차 - 추돌 - 진행중,기타,포장 - 습기,비,교차로 - 교차로부근,승용,남,34세,상해없음,자전거,남,48세,중상
191,2016070500100562,2016년 7월 5일 22시,화요일,천호대로,중상사고,0,1,0,0,차대사람 - 횡단중,보행자보호의무위반,포장 - 습기,비,단일로 - 기타,승용,남,58세,상해없음,보행자,여,54세,중상
192,2016071500100097,2016년 7월 15일 08시,금요일,강변역로,경상사고,0,0,3,0,차대차 - 추돌 - 진행중,안전운전불이행,포장 - 습기,비,교차로 - 교차로부근,승합,남,51세,기타불명,승용,여,36세,경상
193,2016071600100073,2016년 7월 16일 03시,토요일,강변북로,경상사고,0,0,2,0,차량단독 - 기타,안전운전불이행,포장 - 습기,비,단일로 - 기타,승용,남,62세,상해없음,,,,
194,2016071600100165,2016년 7월 16일 08시,토요일,아차산로,중상사고,0,1,0,0,차대차 - 측면직각충돌,교차로운행방법위반,포장 - 적설,비,교차로 - 교차로안,승용,여,38세,상해없음,자전거,여,70세,중상
195,2016072900100250,2016년 7월 29일 12시,금요일,능동로,경상사고,0,0,2,0,차대차 - 측면직각충돌,안전운전불이행,포장 - 습기,비,교차로 - 교차로부근,승용,남,52세,상해없음,승용,남,36세,경상
196,2016080900100517,2016년 8월 9일 21시,화요일,광나루로,경상사고,0,0,1,0,차대차 - 측면직각충돌,안전거리미확보,포장 - 습기,비,기타 - 기타,승용,남,42세,상해없음,승용,남,60세,경상
197,2016081900100393,2016년 8월 19일 17시,금요일,광나루로,중상사고,0,1,0,0,차대차 - 기타,교차로운행방법위반,포장 - 습기,비,교차로 - 교차로안,승합,남,39세,상해없음,원동기,남,74세,중상
198,2016082500100517,2016년 8월 25일 20시,목요일,군자로,경상사고,0,0,1,0,차대사람 - 기타,안전운전불이행,포장 - 습기,비,단일로 - 기타,원동기,남,16세,상해없음,보행자,여,24세,경상
199,2016082500100518,2016년 8월 25일 20시,목요일,천호대로,경상사고,0,0,1,0,차대차 - 추돌 - 진행중,안전운전불이행,포장 - 적설,비,단일로 - 기타,승용,남,54세,상해없음,자전거,남,20세,경상
200,2016083100100299,2016년 8월 31일 13시,수요일,강변역로,경상사고,0,0,1,0,차대차 - 기타,안전운전불이행,포장 - 습기,비,단일로 - 기타,승합,남,35세,상해없음,승용,남,30세,경상
201,2016060500100055,2016년 6월 5일 04시,일요일,경인로,경상사고,0,0,1,0,차대차 - 추돌 - 진행중,안전운전불이행,포장 - 습기,비,교차로 - 교차로부근,승용,남,35세,상해없음,승용,남,44세,경상
202,2016061100100630,2016년 6월 11일 22시,토요일,신정로,경상사고,0,0,2,0,차대차 - 추돌 - 진행중,안전운전불이행,포장 - 습기,비,단일로 - 기타,승용,남,61세,상해없음,승합,남,48세,경상
203,2016061100100665,2016년 6월 11일 23시,토요일,경인로,경상사고,0,0,2,0,차대차 - 추돌 - 진행중,안전운전불이행,포장 - 습기,비,단일로 - 기타,승용,남,34세,상해없음,승용,여,61세,경상
204,2016061500100514,2016년 6월 15일 20시,수요일,도림로,경상사고,0,0,1,0,차대차 - 기타,안전운전불이행,포장 - 습기,비,교차로 - 교차로안,승용,남,39세,상해없음,이륜,남,19세,경상
205,2016062400100026,2016년 6월 24일 01시,금요일,디지털로,중상사고,0,1,0,0,차대사람 - 길가장자리구역통행중,안전운전불이행,포장 - 습기,비,단일로 - 기타,승용,남,33세,상해없음,보행자,남,54세,중상
206,2016070100100453,2016년 7월 1일 17시,금요일,경인로,경상사고,0,0,1,0,차대차 - 기타,안전거리미확보,포장 - 습기,비,교차로 - 교차로부근,승용,남,54세,상해없음,원동기,남,21세,경상
207,2016070100100499,2016년 7월 1일 18시,금요일,구로동로,경상사고,0,0,1,0,차대차 - 기타,안전운전불이행,포장 - 습기,비,기타 - 기타,승용,남,31세,상해없음,승합,남,54세,상해없음
208,2016070100100605,2016년 7월 1일 20시,금요일,남부순환로,경상사고,0,0,1,0,차대사람 - 기타,신호위반,포장 - 습기,비,단일로 - 기타,승용,기타불명,기타불명,기타불명,보행자,여,88세,경상
209,2016070100100714,2016년 7월 1일 22시,금요일,구로중앙로,경상사고,0,0,1,0,차대사람 - 차도통행중,안전운전불이행,포장 - 습기,비,단일로 - 기타,원동기,남,20세,상해없음,보행자,남,69세,경상
210,2016070400100328,2016년 7월 4일 16시,월요일,경인로,경상사고,0,0,1,0,차대차 - 측면직각충돌,중앙선침범,포장 - 습기,비,단일로 - 기타,승합,남,45세,상해없음,승용,남,37세,경상
211,2016070400100387,2016년 7월 4일 18시,월요일,경인로,경상사고,0,0,1,0,차대차 - 추돌 - 진행중,안전거리미확보,포장 - 습기,비,교차로 - 교차로부근,승용,남,54세,상해없음,승용,남,35세,경상
212,2016070400100460,2016년 7월 4일 20시,월요일,디지털로,중상사고,0,1,0,0,차대사람 - 횡단중,보행자보호의무위반,포장 - 습기,비,단일로 - 횡단보도상,화물,남,35세,상해없음,보행자,남,79세,중상
213,2016070500100100,2016년 7월 5일 08시,화요일,경인로,중상사고,0,1,0,0,차대차 - 추돌 - 진행중,안전운전불이행,포장 - 습기,비,단일로 - 기타,승용,남,35세,상해없음,승용,남,39세,중상
214,2016070500100492,2016년 7월 5일 20시,화요일,경인로,중상사고,0,1,0,0,차대사람 - 횡단중,보행자보호의무위반,포장 - 습기,비,교차로 - 교차로부근,승용,남,39세,상해없음,보행자,남,30세,중상
215,2016070500100525,2016년 7월 5일 21시,화요일,오리로,중상사고,0,1,0,0,차대차 - 기타,안전운전불이행,포장 - 습기,비,교차로 - 교차로안,승용,남,42세,상해없음,원동기,남,17세,중상
216,2016071200100020,2016년 7월 12일 01시,화요일,디지털로,경상사고,0,0,1,0,차대차 - 측면직각충돌,신호위반,포장 - 습기,비,교차로 - 교차로안,승용,남,50세,상해없음,승용,남,57세,경상
217,2016071500100685,2016년 7월 15일 23시,금요일,도림로,중상사고,0,1,0,0,차대사람 - 기타,안전운전불이행,포장 - 습기,비,단일로 - 기타,승용,남,74세,상해없음,보행자,남,34세,중상
218,2016071600100429,2016년 7월 16일 16시,토요일,디지털로,경상사고,0,0,1,0,차대차 - 추돌 - 진행중,안전거리미확보,포장 - 습기,비,단일로 - 기타,이륜,남,16세,경상,승용,남,44세,상해없음
219,2016071600100430,2016년 7월 16일 16시,토요일,도림로,경상사고,0,0,1,0,차대차 - 기타,기타,포장 - 습기,비,단일로 - 기타,승합,남,68세,상해없음,이륜,남,53세,상해없음
220,2016071600100464,2016년 7월 16일 17시,토요일,가마산로,경상사고,0,0,1,0,차대차 - 기타,안전거리미확보,포장 - 습기,비,단일로 - 기타,승용,남,62세,기타불명,승합,남,56세,상해없음
221,2016071600100557,2016년 7월 16일 20시,토요일,경인로,경상사고,0,0,1,1,차대차 - 측면직각충돌,안전거리미확보,포장 - 습기,비,단일로 - 기타,승용,여,30세,부상신고,승용,남,61세,경상
222,2016071700100066,2016년 7월 17일 03시,일요일,서부간선도로,부상신고사고,0,0,0,3,차대차 - 추돌 - 진행중,안전거리미확보,포장 - 습기,비,단일로 - 기타,승용,남,31세,부상신고,승용,남,57세,부상신고
223,2016072000100467,2016년 7월 20일 18시,수요일,안양천로,경상사고,0,0,1,0,차대차 - 기타,안전거리미확보,포장 - 습기,비,기타 - 기타,이륜,남,56세,경상,승용,여,57세,상해없음
224,2016072300100577,2016년 7월 23일 21시,토요일,구로동로,중상사고,0,1,0,0,차대사람 - 기타,안전운전불이행,포장 - 습기,비,단일로 - 기타,승용,여,56세,상해없음,보행자,남,51세,중상
225,2016072900100217,2016년 7월 29일 11시,금요일,구일로,경상사고,0,0,1,0,차대차 - 추돌 - 진행중,안전거리미확보,포장 - 습기,비,단일로 - 기타,화물,남,53세,상해없음,승용,여,43세,경상
226,2016073000100073,2016년 7월 30일 04시,토요일,서부간선도로,경상사고,0,0,1,0,차대차 - 측면직각충돌,안전거리미확보,포장 - 습기,비,단일로 - 기타,승용,남,31세,상해없음,승용,남,73세,경상
227,2016073000100138,2016년 7월 30일 08시,토요일,구로중앙로,중상사고,0,1,0,0,차대사람 - 기타,안전운전불이행,포장 - 습기,비,단일로 - 기타,승용,남,50세,상해없음,보행자,남,55세,중상
228,2016082300100366,2016년 8월 23일 17시,화요일,중앙로,경상사고,0,0,1,0,차대차 - 측면직각충돌,안전운전불이행,포장 - 습기,비,단일로 - 기타,승용,남,52세,상해없음,승용,남,53세,경상
229,2016082500100479,2016년 8월 25일 19시,목요일,고척로,중상사고,0,1,0,0,차대차 - 정면충돌,안전운전불이행,포장 - 습기,비,교차로 - 교차로안,승용,남,33세,상해없음,이륜,남,17세,중상
230,2016082600100054,2016년 8월 26일 02시,금요일,구로동로,경상사고,0,0,1,0,차대사람 - 차도통행중,안전운전불이행,포장 - 습기,비,단일로 - 기타,승용,남,44세,상해없음,보행자,여,18세,경상
231,2016082600100073,2016년 8월 26일 03시,금요일,고척로,경상사고,0,0,1,0,차대사람 - 기타,안전운전불이행,포장 - 습기,비,단일로 - 기타,자전거,남,16세,상해없음,보행자,남,48세,경상
232,2016061500100344,2016년 6월 15일 15시,수요일,탑골로,중상사고,0,1,0,0,차대사람 - 기타,안전운전불이행,포장 - 습기,비,단일로 - 기타,화물,남,55세,상해없음,보행자,여,69세,중상
233,2016062400100002,2016년 6월 24일 00시,금요일,범안로,경상사고,0,0,1,0,차대차 - 기타,중앙선침범,포장 - 기타,비,교차로 - 교차로부근,이륜,남,25세,상해없음,이륜,남,36세,경상
234,2016070100100755,2016년 7월 1일 23시,금요일,시흥대로,경상사고,0,0,1,0,차대차 - 기타,신호위반,포장 - 습기,비,교차로 - 교차로안,승합,남,57세,기타불명,승용,여,45세,경상
235,2016071600100056,2016년 7월 16일 02시,토요일,디지털로,경상사고,0,0,1,0,차대사람 - 차도통행중,안전운전불이행,포장 - 습기,비,단일로 - 기타,승용,남,56세,상해없음,보행자,남,47세,경상
236,2016071600100553,2016년 7월 16일 20시,토요일,가산로,중상사고,0,1,0,0,차대차 - 기타,중앙선침범,포장 - 습기,비,단일로 - 기타,승용,남,65세,상해없음,원동기,남,20세,중상
237,2016071600100618,2016년 7월 16일 22시,토요일,시흥대로,경상사고,0,0,1,0,차대차 - 측면직각충돌,신호위반,포장 - 습기,비,교차로 - 교차로안,승합,남,50세,상해없음,승용,남,29세,상해없음
238,2016071700100004,2016년 7월 17일 00시,일요일,시흥대로,경상사고,0,0,2,0,차대사람 - 기타,안전운전불이행,포장 - 습기,비,교차로 - 교차로부근,승용,남,47세,기타불명,보행자,남,25세,경상
239,2016072400100467,2016년 7월 24일 23시,일요일,독산로,부상신고사고,0,0,0,1,차대차 - 측면직각충돌,안전거리미확보,포장 - 습기,비,단일로 - 기타,승용,남,59세,상해없음,이륜,남,20세,부상신고
240,2016072900100151,2016년 7월 29일 09시,금요일,디지털로,중상사고,0,1,0,0,차대차 - 측면직각충돌,안전운전불이행,포장 - 습기,비,교차로 - 교차로안,승용,남,54세,상해없음,이륜,남,54세,중상
241,2016082500100519,2016년 8월 25일 20시,목요일,가산로,중상사고,0,1,0,1,차대차 - 추돌 - 진행중,안전운전불이행,포장 - 습기,비,단일로 - 기타,이륜,남,34세,부상신고,이륜,남,57세,중상
242,2016083100100066,2016년 8월 31일 04시,수요일,금하로,경상사고,0,0,1,0,차대사람 - 횡단중,신호위반,포장 - 습기,비,단일로 - 횡단보도상,승용,남,23세,상해없음,보행자,남,39세,경상
243,2016061500100348,2016년 6월 15일 15시,수요일,중계로,중상사고,0,1,0,0,차대사람 - 횡단중,안전운전불이행,포장 - 습기,비,단일로 - 기타,승용,여,40세,상해없음,보행자,여,68세,중상
244,2016061500100488,2016년 6월 15일 19시,수요일,한글비석로,중상사고,0,1,0,0,차대차 - 측면직각충돌,중앙선침범,포장 - 습기,비,기타 - 기타,이륜,남,30세,상해없음,이륜,남,36세,중상
245,2016062200100233,2016년 6월 22일 13시,수요일,노원로,부상신고사고,0,0,0,1,차대차 - 측면직각충돌,안전운전불이행,포장 - 습기,비,교차로 - 교차로안,이륜,남,25세,부상신고,승용,남,58세,상해없음
246,2016062400100185,2016년 6월 24일 09시,금요일,중계로,경상사고,0,0,1,0,차대차 - 기타,안전운전불이행,포장 - 습기,비,교차로 - 교차로안,이륜,남,51세,경상,승용,남,42세,상해없음
247,2016070100100298,2016년 7월 1일 14시,금요일,화랑로,중상사고,0,1,15,0,차대차 - 추돌 - 진행중,안전운전불이행,포장 - 습기,비,단일로 - 기타,건설기계,남,22세,상해없음,승용,남,48세,경상
248,2016070100100345,2016년 7월 1일 15시,금요일,노원로,경상사고,0,0,1,0,차대차 - 측면직각충돌,안전거리미확보,포장 - 습기,비,단일로 - 기타,승용,남,47세,상해없음,승용,남,53세,경상
249,2016070100100400,2016년 7월 1일 16시,금요일,중계로,경상사고,0,0,1,0,차대차 - 기타,기타,포장 - 습기,비,기타 - 기타,승용,여,41세,상해없음,자전거,남,12세,경상
250,2016070100100764,2016년 7월 1일 23시,금요일,한글비석로,경상사고,0,0,1,0,차대사람 - 횡단중,보행자보호의무위반,포장 - 습기,비,교차로 - 교차로부근,승용,여,54세,상해없음,보행자,여,17세,경상
251,2016070200100008,2016년 7월 2일 00시,토요일,동이로,경상사고,0,0,2,0,차대차 - 측면직각충돌,안전거리미확보,포장 - 습기,비,단일로 - 기타,승용,남,57세,상해없음,승용,남,22세,경상
252,2016070200100087,2016년 7월 2일 03시,토요일,덕릉로,경상사고,0,0,1,0,차대차 - 측면직각충돌,신호위반,포장 - 습기,비,단일로 - 횡단보도상,승용,남,50세,상해없음,자전거,여,50세,경상
253,2016070400100461,2016년 7월 4일 20시,월요일,화랑로,중상사고,0,1,0,0,차대차 - 측면직각충돌,신호위반,포장 - 습기,비,교차로 - 교차로안,승용,여,57세,상해없음,이륜,남,22세,중상
254,2016070500100015,2016년 7월 5일 00시,화요일,덕릉로,경상사고,0,0,1,0,차량단독 - 공작물충돌,안전운전불이행,포장 - 습기,비,단일로 - 기타,승용,남,46세,상해없음,,,,
255,2016070500100039,2016년 7월 5일 02시,화요일,월계로,중상사고,0,1,1,0,차대차 - 측면직각충돌,신호위반,포장 - 습기,비,교차로 - 교차로안,승용,남,35세,상해없음,승용,남,56세,중상
256,2016070500100081,2016년 7월 5일 07시,화요일,광운로,중상사고,0,1,1,0,차대사람 - 차도통행중,안전운전불이행,포장 - 습기,비,교차로 - 교차로안,화물,남,61세,경상,보행자,여,51세,중상
257,2016070500100567,2016년 7월 5일 22시,화요일,동일로,경상사고,0,0,1,0,차대차 - 측면직각충돌,안전거리미확보,포장 - 습기,비,단일로 - 기타,승용,남,60세,상해없음,이륜,남,18세,경상
258,2016070600100004,2016년 7월 6일 00시,수요일,덕릉로,중상사고,0,1,0,0,차대차 - 측면직각충돌,안전거리미확보,포장 - 습기,비,단일로 - 기타,승용,남,59세,상해없음,승용,남,54세,상해없음
259,2016071400100022,2016년 7월 14일 01시,목요일,한글비석로,중상사고,0,1,0,0,차대사람 - 횡단중,안전운전불이행,포장 - 습기,비,교차로 - 교차로부근,승용,남,68세,상해없음,보행자,남,40세,중상
260,2016071500100644,2016년 7월 15일 22시,금요일,노해로,경상사고,0,0,1,0,차대차 - 측면직각충돌,중앙선침범,포장 - 습기,비,단일로 - 기타,승용,남,60세,상해없음,승용,여,55세,경상
261,2016071600100009,2016년 7월 16일 00시,토요일,노해로,경상사고,0,0,2,0,차대차 - 측면직각충돌,신호위반,포장 - 습기,비,교차로 - 교차로안,이륜,남,26세,상해없음,승용,남,29세,경상
262,2016071600100139,2016년 7월 16일 06시,토요일,덕릉로,중상사고,0,1,1,0,차대차 - 정면충돌,신호위반,포장 - 습기,비,교차로 - 교차로안,승용,남,27세,경상,승용,남,66세,중상
263,2016071600100199,2016년 7월 16일 09시,토요일,동일로,경상사고,0,0,1,0,차대차 - 측면직각충돌,신호위반,포장 - 습기,비,교차로 - 교차로안,승용,남,21세,상해없음,승용,남,52세,경상
264,2016071600100390,2016년 7월 16일 15시,토요일,한글비석로,경상사고,0,0,1,0,차대사람 - 차도통행중,안전운전불이행,포장 - 습기,비,단일로 - 기타,승용,남,39세,상해없음,보행자,남,52세,경상
265,2016071700100078,2016년 7월 17일 04시,일요일,동일로,경상사고,0,0,1,0,차량단독 - 전도전복,안전운전불이행,포장 - 습기,비,단일로 - 기타,승용,남,45세,상해없음,,,,
266,2016072300100578,2016년 7월 23일 21시,토요일,노원로,중상사고,0,1,0,0,차대차 - 측면직각충돌,안전거리미확보,포장 - 습기,비,단일로 - 기타,승용,여,59세,상해없음,이륜,남,16세,중상
267,2016072400100175,2016년 7월 24일 12시,일요일,동일로,경상사고,0,0,4,0,차대차 - 추돌 - 진행중,안전운전불이행,포장 - 습기,비,교차로 - 교차로부근,승용,남,55세,상해없음,승용,여,56세,경상
268,2016072700100288,2016년 7월 27일 14시,수요일,덕릉로,경상사고,0,0,1,0,차대차 - 측면직각충돌,중앙선침범,포장 - 습기,비,단일로 - 기타,승용,여,58세,상해없음,원동기,남,33세,경상
269,2016072900100097,2016년 7월 29일 07시,금요일,덕릉로,경상사고,0,0,2,0,차대차 - 정면충돌,신호위반,포장 - 습기,비,교차로 - 교차로안,승용,남,44세,상해없음,승용,남,46세,경상
270,2016073000100036,2016년 7월 30일 01시,토요일,동일로,경상사고,0,0,6,0,차대차 - 기타,안전운전불이행,포장 - 습기,비,단일로 - 기타,승용,남,23세,상해없음,승합,남,42세,경상
271,2016073000100100,2016년 7월 30일 06시,토요일,노원로,경상사고,0,0,2,0,차대차 - 측면직각충돌,신호위반,포장 - 습기,비,교차로 - 교차로안,승용,남,46세,상해없음,승용,남,56세,상해없음
272,2016073000100186,2016년 7월 30일 10시,토요일,동일로,부상신고사고,0,0,0,1,차대사람 - 길가장자리구역통행중,안전운전불이행,포장 - 습기,비,단일로 - 기타,기타불명,기타불명,기타불명,기타불명,보행자,남,63세,부상신고
273,2016081900100431,2016년 8월 19일 18시,금요일,노원로,중상사고,0,1,1,0,차대사람 - 횡단중,보행자보호의무위반,포장 - 습기,비,교차로 - 교차로부근,승용,남,66세,상해없음,보행자,여,64세,중상
274,2016082500100592,2016년 8월 25일 22시,목요일,동일로,경상사고,0,0,2,0,차대차 - 추돌 - 진행중,안전운전불이행,포장 - 습기,비,단일로 - 기타,승용,남,51세,상해없음,승용,남,35세,경상
275,2016082600100104,2016년 8월 26일 05시,금요일,동일로,중상사고,0,1,0,0,차대사람 - 횡단중,안전운전불이행,포장 - 습기,비,단일로 - 횡단보도상,승용,남,40세,상해없음,보행자,여,69세,중상
276,2016083100100192,2016년 8월 31일 09시,수요일,동일로,경상사고,0,0,2,0,차대차 - 측면직각충돌,안전운전불이행,포장 - 습기,비,교차로 - 교차로부근,건설기계,남,51세,상해없음,승용,남,41세,경상
277,2016083100100228,2016년 8월 31일 10시,수요일,노해로,중상사고,0,1,0,0,차대차 - 기타,기타,포장 - 습기,비,단일로 - 기타,승용,남,46세,상해없음,이륜,남,54세,중상
278,2016083100100255,2016년 8월 31일 11시,수요일,동일로,경상사고,0,0,1,0,차대차 - 추돌 - 진행중,안전운전불이행,포장 - 습기,비,단일로 - 교량,승용,남,54세,상해없음,승용,남,54세,경상
279,2016083100100477,2016년 8월 31일 18시,수요일,한글비석로,경상사고,0,0,1,0,차대차 - 기타,기타,포장 - 습기,비,단일로 - 기타,승용,여,51세,상해없음,이륜,남,50세,경상
280,2016061100100661,2016년 6월 11일 23시,토요일,이문로,중상사고,0,1,0,0,차대차 - 추돌 - 진행중,안전운전불이행,포장 - 습기,비,단일로 - 기타,원동기,남,16세,기타불명,자전거,남,21세,중상
281,2016061100100662,2016년 6월 11일 23시,토요일,망우로,경상사고,0,0,1,0,차대사람 - 기타,안전운전불이행,포장 - 습기,비,교차로 - 교차로부근,승용,남,24세,상해없음,보행자,남,24세,경상
282,2016061500100375,2016년 6월 15일 16시,수요일,회기로,경상사고,0,0,1,0,차대사람 - 기타,안전거리미확보,포장 - 습기,비,단일로 - 기타,기타불명,기타불명,기타불명,기타불명,보행자,여,13세,경상
283,2016061500100485,2016년 6월 15일 19시,수요일,회기로,경상사고,0,0,1,0,차대차 - 정면충돌,안전운전불이행,포장 - 습기,비,교차로 - 교차로안,승용,남,22세,상해없음,승용,남,45세,경상
284,2016062400100126,2016년 6월 24일 08시,금요일,고산자로,중상사고,0,1,0,0,차대차 - 기타,신호위반,포장 - 습기,비,교차로 - 교차로안,승용,여,38세,상해없음,원동기,남,43세,중상
285,2016062400100128,2016년 6월 24일 08시,금요일,무학로,경상사고,0,0,1,0,차대차 - 측면직각충돌,안전거리미확보,포장 - 습기,비,단일로 - 기타,승용,남,66세,상해없음,이륜,남,25세,경상
286,2016062400100177,2016년 6월 24일 09시,금요일,난계로,중상사고,0,2,0,0,차대차 - 정면충돌,신호위반,포장 - 습기,비,교차로 - 교차로안,승용,여,47세,상해없음,승용,남,40세,중상
287,2016062400100224,2016년 6월 24일 10시,금요일,경희대로,중상사고,0,1,0,0,차대차 - 정면충돌,직진우회전진행방해,포장 - 습기,비,교차로 - 교차로안,승용,여,46세,상해없음,이륜,남,34세,중상
288,2016062500100390,2016년 6월 25일 15시,토요일,경동시장로,중상사고,0,1,0,0,차대사람 - 횡단중,안전운전불이행,포장 - 습기,비,기타 - 기타,건설기계,남,63세,상해없음,보행자,여,62세,중상
289,2016062800100541,2016년 6월 28일 22시,화요일,홍릉로,부상신고사고,0,0,0,1,차대차 - 추돌 - 진행중,안전거리미확보,포장 - 습기,비,단일로 - 기타,승용,여,49세,부상신고,승용,남,24세,상해없음
290,2016070100100022,2016년 7월 1일 01시,금요일,회기로,경상사고,0,0,1,0,차대차 - 측면직각충돌,안전운전불이행,포장 - 습기,비,교차로 - 교차로안,승용,남,56세,상해없음,이륜,남,34세,경상
291,2016070100100142,2016년 7월 1일 10시,금요일,천호대로,부상신고사고,0,0,0,1,차량단독 - 기타,안전운전불이행,포장 - 습기,비,단일로 - 기타,자전거,남,68세,부상신고,,,,
292,2016070100100292,2016년 7월 1일 14시,금요일,황물로,부상신고사고,0,0,0,1,차대차 - 기타,안전거리미확보,포장 - 습기,비,교차로 - 교차로부근,원동기,남,58세,부상신고,화물,남,32세,상해없음
293,2016070100100394,2016년 7월 1일 16시,금요일,답십리로,경상사고,0,0,2,0,차대차 - 측면직각충돌,안전거리미확보,포장 - 습기,비,단일로 - 기타,승합,남,49세,경상,승합,남,68세,경상
294,2016070100100497,2016년 7월 1일 18시,금요일,한천로,부상신고사고,0,0,0,1,차대차 - 측면직각충돌,중앙선침범,포장 - 습기,비,단일로 - 기타,이륜,남,18세,부상신고,승용,남,57세,상해없음
295,2016070100100544,2016년 7월 1일 19시,금요일,난계로,경상사고,0,0,1,0,차대차 - 정면충돌,신호위반,포장 - 습기,비,교차로 - 교차로안,승용,여,57세,상해없음,이륜,남,64세,경상
296,2016070100100545,2016년 7월 1일 19시,금요일,왕산로,경상사고,0,0,2,0,차대차 - 추돌 - 진행중,신호위반,포장 - 습기,비,단일로 - 기타,화물,남,48세,상해없음,승용,남,32세,경상
297,2016070100100663,2016년 7월 1일 21시,금요일,제기로,중상사고,0,1,3,0,차대차 - 정면충돌,안전거리미확보,포장 - 습기,비,단일로 - 기타,승용,남,33세,상해없음,승용,남,45세,경상
298,2016070400100326,2016년 7월 4일 16시,월요일,답십리로,경상사고,0,0,1,0,차대차 - 추돌 - 진행중,안전운전불이행,포장 - 습기,비,단일로 - 기타,승용,남,75세,상해없음,승용,남,28세,경상
299,2016070400100459,2016년 7월 4일 20시,월요일,장한로,경상사고,0,0,1,0,차대사람 - 횡단중,안전운전불이행,포장 - 습기,비,단일로 - 기타,자전거,남,72세,상해없음,보행자,여,55세,경상
300,2016070400100497,2016년 7월 4일 21시,월요일,무학로,경상사고,0,0,1,0,차대사람 - 횡단중,안전운전불이행,포장 - 습기,비,기타 - 기타,승용,남,39세,상해없음,보행자,남,52세,경상
301,2016070500100004,2016년 7월 5일 00시,화요일,왕산로,부상신고사고,0,0,0,1,차대차 - 기타,신호위반,포장 - 습기,비,교차로 - 교차로안,승용,남,57세,부상신고,승합,남,50세,상해없음
302,2016070500100028,2016년 7월 5일 01시,화요일,장한로,경상사고,0,0,1,0,차대차 - 측면직각충돌,안전운전불이행,포장 - 습기,비,교차로 - 교차로부근,승용,남,51세,상해없음,이륜,남,17세,경상
303,2016070500100071,2016년 7월 5일 06시,화요일,휘경로,중상사고,0,1,0,0,차대사람 - 보도통행중,보행자보호의무위반,포장 - 습기,비,교차로 - 교차로안,승용,남,60세,기타불명,보행자,여,63세,중상
304,2016070500100213,2016년 7월 5일 12시,화요일,전농로,중상사고,0,1,0,0,차대사람 - 횡단중,신호위반,포장 - 습기,비,교차로 - 교차로안,승용,남,30세,상해없음,보행자,남,13세,중상
305,2016070500100271,2016년 7월 5일 14시,화요일,휘경로,경상사고,0,0,1,0,차대사람 - 횡단중,안전운전불이행,포장 - 습기,비,단일로 - 횡단보도부근,승용,남,57세,상해없음,보행자,남,68세,경상
306,2016070500100457,2016년 7월 5일 19시,화요일,장안벚꽃로,중상사고,0,1,0,0,차대차 - 기타,안전운전불이행,포장 - 습기,비,교차로 - 교차로안,화물,남,30세,상해없음,이륜,남,50세,중상
307,2016070600100120,2016년 7월 6일 08시,수요일,장안벚꽃로,경상사고,0,0,1,0,차대차 - 추돌 - 진행중,안전거리미확보,포장 - 습기,비,단일로 - 기타,승용,남,75세,상해없음,승용,남,39세,경상
308,2016071100100455,2016년 7월 11일 18시,월요일,무학로,경상사고,0,0,1,0,차대차 - 정면충돌,교차로운행방법위반,포장 - 습기,비,교차로 - 교차로안,승용,남,47세,상해없음,원동기,남,46세,경상
309,2016071200100019,2016년 7월 12일 01시,화요일,장한로,경상사고,0,0,1,0,차대차 - 기타,안전거리미확보,포장 - 습기,비,단일로 - 기타,승용,남,39세,상해없음,승용,남,51세,경상
310,2016071500100678,2016년 7월 15일 23시,금요일,외대역동로,경상사고,0,0,1,0,차대차 - 측면직각충돌,중앙선침범,포장 - 습기,비,교차로 - 교차로안,승용,남,55세,기타불명,승용,남,25세,경상
311,2016071600100387,2016년 7월 16일 15시,토요일,정릉천동로,부상신고사고,0,0,0,1,차대차 - 추돌 - 진행중,안전운전불이행,포장 - 습기,비,교차로 - 교차로안,이륜,남,48세,부상신고,화물,남,27세,상해없음
312,2016071600100426,2016년 7월 16일 16시,토요일,한천로,중상사고,0,1,0,0,차대차 - 측면직각충돌,불법유턴,포장 - 습기,비,교차로 - 교차로부근,자전거,남,72세,중상,승용,남,56세,상해없음
313,2016072300100511,2016년 7월 23일 19시,토요일,무학로,중상사고,0,1,0,0,차대차 - 기타,안전운전불이행,포장 - 습기,비,교차로 - 교차로안,승용,남,50세,상해없음,자전거,남,46세,중상
314,2016072700100580,2016년 7월 27일 22시,수요일,사가정로,경상사고,0,0,2,0,차대차 - 기타,안전운전불이행,포장 - 습기,비,교차로 - 교차로안,승용,남,63세,경상,원동기,남,35세,경상
315,2016072900100215,2016년 7월 29일 11시,금요일,휘경로,중상사고,0,1,0,0,차대사람 - 횡단중,안전운전불이행,포장 - 습기,비,단일로 - 기타,자전거,남,61세,상해없음,보행자,여,77세,중상
316,2016072900100551,2016년 7월 29일 20시,금요일,청계천로,중상사고,0,1,1,1,차대차 - 추돌 - 진행중,안전운전불이행,포장 - 습기,비,단일로 - 기타,승용,여,43세,상해없음,승용,여,44세,중상
317,2016072900100625,2016년 7월 29일 22시,금요일,왕산로,중상사고,0,3,1,0,차대차 - 추돌 - 진행중,안전거리미확보,포장 - 습기,비,단일로 - 기타,승용,남,52세,상해없음,승용,남,49세,상해없음
318,2016081400100250,2016년 8월 14일 15시,일요일,홍릉로,경상사고,0,0,1,0,차대차 - 측면직각충돌,안전거리미확보,포장 - 습기,비,교차로 - 교차로안,승용,남,32세,기타불명,이륜,남,48세,경상
319,2016082300100294,2016년 8월 23일 15시,화요일,왕산로,경상사고,0,0,1,0,차대차 - 기타,안전거리미확보,포장 - 습기,비,단일로 - 기타,승합,남,52세,상해없음,화물,남,67세,경상
320,2016082800100270,2016년 8월 28일 15시,일요일,제기로,부상신고사고,0,0,0,1,차대차 - 기타,안전거리미확보,포장 - 습기,비,단일로 - 기타,원동기,남,22세,부상신고,승용,여,38세,상해없음
321,2016082800100349,2016년 8월 28일 17시,일요일,답십리로,경상사고,0,0,1,0,차대차 - 측면직각충돌,안전운전불이행,포장 - 습기,비,교차로 - 교차로안,승용,남,62세,상해없음,이륜,남,17세,경상
322,2016083100100366,2016년 8월 31일 15시,수요일,전농로,중상사고,0,1,0,0,차대사람 - 횡단중,신호위반,포장 - 습기,비,단일로 - 기타,승용,남,53세,상해없음,보행자,여,62세,중상
323,2016083100100505,2016년 8월 31일 19시,수요일,장안로,경상사고,0,0,1,0,차대차 - 측면직각충돌,중앙선침범,포장 - 습기,비,교차로 - 교차로부근,승용,남,26세,상해없음,승용,남,38세,경상
324,2016061100100419,2016년 6월 11일 16시,토요일,도봉로,부상신고사고,0,0,0,4,차대차 - 추돌 - 진행중,교차로운행방법위반,포장 - 습기,비,교차로 - 교차로안,승용,남,53세,상해없음,승용,남,35세,부상신고
325,2016062200100270,2016년 6월 22일 14시,수요일,도봉로,경상사고,0,0,1,0,차대차 - 기타,안전운전불이행,포장 - 습기,비,단일로 - 기타,승용,남,48세,상해없음,이륜,남,35세,경상
326,2016062200100340,2016년 6월 22일 16시,수요일,노해로,중상사고,0,1,0,0,차대사람 - 횡단중,안전운전불이행,포장 - 습기,비,단일로 - 기타,화물,남,51세,기타불명,보행자,여,66세,중상
327,2016062200100390,2016년 6월 22일 17시,수요일,시루봉로,중상사고,0,1,0,0,차대사람 - 횡단중,안전운전불이행,포장 - 습기,비,교차로 - 교차로부근,승용,여,55세,상해없음,보행자,여,75세,중상
328,2016063000100440,2016년 6월 30일 19시,목요일,우이천로,경상사고,0,0,1,0,차대차 - 측면직각충돌,직진우회전진행방해,포장 - 습기,비,교차로 - 교차로안,승용,남,29세,상해없음,이륜,남,52세,경상
329,2016070100100606,2016년 7월 1일 20시,금요일,해등로,경상사고,0,0,1,0,차대사람 - 보도통행중,기타,포장 - 습기,비,단일로 - 기타,기타불명,기타불명,기타불명,기타불명,보행자,남,40세,경상
330,2016070500100275,2016년 7월 5일 14시,화요일,우이천로,경상사고,0,0,1,0,차대사람 - 횡단중,안전운전불이행,포장 - 습기,비,단일로 - 기타,원동기,남,37세,상해없음,보행자,남,7세,경상
331,2016070500100342,2016년 7월 5일 16시,화요일,노해로,중상사고,0,1,0,0,차대차 - 측면직각충돌,안전운전불이행,포장 - 적설,비,교차로 - 교차로안,승용,여,53세,상해없음,원동기,남,23세,중상
332,2016071600100353,2016년 7월 16일 14시,토요일,도봉로,경상사고,0,0,2,0,차대차 - 기타,안전운전불이행,포장 - 습기,비,단일로 - 기타,승용,남,47세,상해없음,승용,여,58세,경상
333,2016071600100523,2016년 7월 16일 19시,토요일,도봉로,부상신고사고,0,0,0,1,차대차 - 추돌 - 진행중,안전거리미확보,포장 - 습기,비,교차로 - 교차로부근,이륜,남,17세,부상신고,승용,남,22세,상해없음
334,2016071600100559,2016년 7월 16일 20시,토요일,노해로,부상신고사고,0,0,0,1,차대차 - 측면직각충돌,안전운전불이행,포장 - 습기,비,교차로 - 교차로안,자전거,남,14세,부상신고,승용,남,72세,상해없음
335,2016072300100472,2016년 7월 23일 18시,토요일,도봉로,경상사고,0,0,1,0,차대사람 - 차도통행중,안전운전불이행,포장 - 습기,비,단일로 - 기타,자전거,남,18세,상해없음,보행자,여,62세,경상
336,2016072400100176,2016년 7월 24일 12시,일요일,덕릉로,중상사고,0,1,0,0,차대사람 - 기타,안전운전불이행,포장 - 습기,비,교차로 - 교차로부근,이륜,남,45세,기타불명,보행자,남,13세,중상
337,2016072400100236,2016년 7월 24일 14시,일요일,도봉로,중상사고,0,1,0,0,차량단독 - 기타,안전운전불이행,포장 - 습기,비,교차로 - 교차로부근,이륜,남,47세,중상,,,,
338,2016080100100483,2016년 8월 1일 19시,월요일,노해로,중상사고,0,1,0,0,차대차 - 정면충돌,안전운전불이행,포장 - 습기,비,교차로 - 교차로안,이륜,남,21세,중상,승용,남,51세,상해없음
339,2016081900100432,2016년 8월 19일 18시,금요일,방학로,경상사고,0,0,1,0,차대차 - 측면직각충돌,안전운전불이행,포장 - 습기,비,교차로 - 교차로부근,이륜,남,18세,경상,승용,남,61세,상해없음
340,2016082500100527,2016년 8월 25일 20시,목요일,우이천로,중상사고,0,1,0,0,차대사람 - 횡단중,신호위반,포장 - 습기,비,단일로 - 횡단보도상,승용,남,43세,상해없음,보행자,여,56세,중상
341,2016082600100074,2016년 8월 26일 03시,금요일,노해로,사망사고,1,0,0,0,차대사람 - 횡단중,과속,포장 - 습기,비,단일로 - 횡단보도상,승용,남,57세,상해없음,보행자,남,49세,사망
342,2016082600100149,2016년 8월 26일 07시,금요일,노해로,중상사고,0,1,0,0,차대차 - 추돌 - 진행중,신호위반,포장 - 습기,비,교차로 - 교차로안,이륜,남,27세,중상,화물,남,53세,기타불명
343,2016082800100275,2016년 8월 28일 15시,일요일,덕릉로,경상사고,0,0,3,1,차대차 - 추돌 - 진행중,안전거리미확보,포장 - 습기,비,교차로 - 교차로부근,승용,여,53세,부상신고,승용,여,37세,경상
344,2016082800100276,2016년 8월 28일 15시,일요일,해동로,경상사고,0,0,1,0,차대사람 - 횡단중,보행자보호의무위반,포장 - 습기,비,교차로 - 교차로안,승용,남,67세,상해없음,보행자,남,44세,경상
345,2016083100100025,2016년 8월 31일 01시,수요일,도봉로,중상사고,0,1,0,0,차대사람 - 횡단중,안전운전불이행,포장 - 습기,비,단일로 - 기타,승용,남,58세,상해없음,보행자,남,30세,중상
346,2016083100100411,2016년 8월 31일 16시,수요일,방학로,중상사고,0,1,0,0,차대차 - 측면직각충돌,안전운전불이행,포장 - 습기,비,교차로 - 교차로안,승용,남,64세,상해없음,화물,남,47세,중상
347,2016083100100447,2016년 8월 31일 17시,수요일,해동로,중상사고,0,1,0,0,차대차 - 측면직각충돌,직진우회전진행방해,포장 - 습기,비,교차로 - 교차로부근,승용,남,58세,상해없음,이륜,남,17세,중상
348,2016061500100078,2016년 6월 15일 07시,수요일,보라매로,경상사고,0,0,1,0,차량단독 - 기타,안전운전불이행,포장 - 습기,비,단일로 - 기타,이륜,남,38세,경상,,,,
349,2016061500100546,2016년 6월 15일 21시,수요일,상도로,경상사고,0,0,1,0,차대차 - 측면직각충돌,안전거리미확보,포장 - 습기,비,교차로 - 교차로안,승용,남,66세,상해없음,승용,여,26세,경상
350,2016062200100150,2016년 6월 22일 10시,수요일,시흥대로,경상사고,0,0,1,0,차대차 - 측면직각충돌,안전운전불이행,포장 - 습기,비,교차로 - 교차로부근,승용,여,29세,상해없음,이륜,남,29세,경상
351,2016062200100298,2016년 6월 22일 15시,수요일,노량진로,부상신고사고,0,0,0,1,차대차 - 기타,안전운전불이행,포장 - 습기,비,교차로 - 교차로부근,이륜,남,63세,부상신고,승용,남,33세,상해없음
352,2016062200100385,2016년 6월 22일 17시,수요일,상도로,경상사고,0,0,1,0,차대사람 - 횡단중,안전운전불이행,포장 - 습기,비,단일로 - 횡단보도상,승용,여,30세,상해없음,보행자,남,7세,경상
353,2016070100100247,2016년 7월 1일 13시,금요일,노들로,중상사고,0,1,0,0,차대차 - 추돌 - 진행중,안전운전불이행,포장 - 습기,비,단일로 - 기타,승용,남,60세,상해없음,승용,남,56세,중상
354,2016070100100342,2016년 7월 1일 15시,금요일,남부순환로,경상사고,0,0,2,0,차대차 - 기타,안전운전불이행,포장 - 습기,비,단일로 - 기타,승용,남,54세,상해없음,승용,남,28세,경상
355,2016070100100599,2016년 7월 1일 20시,금요일,여의대방로,중상사고,0,1,0,0,차대사람 - 횡단중,보행자보호의무위반,포장 - 습기,비,단일로 - 횡단보도상,이륜,남,18세,상해없음,보행자,남,45세,중상
356,2016070200100004,2016년 7월 2일 00시,토요일,흑석로,경상사고,0,0,1,0,차대차 - 추돌 - 진행중,안전운전불이행,포장 - 습기,비,단일로 - 기타,승용,남,68세,상해없음,승용,남,28세,경상
357,2016070200100045,2016년 7월 2일 01시,토요일,보라매로,경상사고,0,0,1,0,차대사람 - 횡단중,보행자보호의무위반,포장 - 습기,비,단일로 - 횡단보도상,승용,남,72세,상해없음,보행자,남,27세,경상
358,2016070200100067,2016년 7월 2일 02시,토요일,사당로,경상사고,0,0,1,0,차대차 - 추돌 - 진행중,안전거리미확보,포장 - 습기,비,단일로 - 기타,승용,여,43세,상해없음,승용,남,42세,경상
359,2016070400100538,2016년 7월 4일 22시,월요일,상도로,경상사고,0,0,1,0,차대사람 - 길가장자리구역통행중,안전운전불이행,포장 - 습기,비,단일로 - 기타,승용,남,49세,상해없음,보행자,남,24세,경상
360,2016070400100577,2016년 7월 4일 23시,월요일,사당로,경상사고,0,0,1,0,차대차 - 측면직각충돌,안전운전불이행,포장 - 습기,비,교차로 - 교차로안,승용,남,28세,상해없음,승용,남,54세,상해없음
361,2016070500100056,2016년 7월 5일 05시,화요일,여의대방로,경상사고,0,0,2,0,차대차 - 추돌 - 진행중,안전운전불이행,포장 - 습기,비,교차로 - 교차로부근,화물,남,47세,상해없음,승용,남,56세,경상
362,2016071600100351,2016년 7월 16일 14시,토요일,장승배기로,중상사고,0,1,0,0,차대차 - 측면직각충돌,안전운전불이행,포장 - 습기,비,교차로 - 교차로안,승용,남,35세,상해없음,이륜,남,62세,중상
363,2016071600100592,2016년 7월 16일 21시,토요일,동작대로,중상사고,0,1,0,0,차대사람 - 횡단중,안전운전불이행,포장 - 습기,비,단일로 - 기타,승용,남,24세,상해없음,보행자,여,58세,중상
364,2016072400100471,2016년 7월 24일 23시,일요일,과천대로,경상사고,0,0,1,0,차대차 - 추돌 - 진행중,안전운전불이행,포장 - 습기,비,단일로 - 기타,승용,여,38세,경상,승용,남,48세,상해없음
365,2016073100100006,2016년 7월 31일 00시,일요일,시흥대로,경상사고,0,0,1,0,차대차 - 추돌 - 진행중,안전운전불이행,포장 - 습기,비,교차로 - 교차로부근,승용,남,45세,기타불명,승용,남,59세,경상
366,2016080200100465,2016년 8월 2일 20시,화요일,대림로,부상신고사고,0,0,0,1,차대차 - 추돌 - 진행중,안전거리미확보,포장 - 습기,비,단일로 - 기타,이륜,남,17세,부상신고,승용,남,59세,상해없음
367,2016082300100403,2016년 8월 23일 18시,화요일,상도로,경상사고,0,0,1,0,차대차 - 기타,안전운전불이행,포장 - 습기,비,교차로 - 교차로안,승용,남,55세,상해없음,이륜,남,61세,경상
368,2016082600100051,2016년 8월 26일 02시,금요일,상도로,경상사고,0,0,1,0,차대사람 - 기타,안전운전불이행,포장 - 습기,비,단일로 - 기타,화물,남,47세,상해없음,보행자,여,50세,경상
369,2016083100100068,2016년 8월 31일 04시,수요일,상도로,중상사고,0,1,0,0,차대사람 - 횡단중,안전운전불이행,포장 - 습기,비,단일로 - 기타,승용,남,71세,상해없음,보행자,여,87세,중상
370,2016083100100080,2016년 8월 31일 05시,수요일,상도로,중상사고,0,1,0,0,차대사람 - 횡단중,중앙선침범,포장 - 습기,비,단일로 - 횡단보도상,화물,남,36세,상해없음,보행자,여,57세,중상
371,2016083100100277,2016년 8월 31일 12시,수요일,대림로,중상사고,0,1,1,0,차대차 - 측면직각충돌,안전운전불이행,포장 - 습기,비,교차로 - 교차로안,승용,남,62세,경상,승용,남,70세,중상
372,2016083100100278,2016년 8월 31일 12시,수요일,상도로,경상사고,0,0,1,0,차대차 - 추돌 - 진행중,안전거리미확보,포장 - 습기,비,단일로 - 기타,원동기,남,28세,경상,승용,여,63세,상해없음
373,2016083100100368,2016년 8월 31일 15시,수요일,여의대방로,경상사고,0,0,1,0,차대차 - 기타,신호위반,포장 - 습기,비,교차로 - 교차로안,승용,남,44세,상해없음,승합,남,53세,상해없음
374,2016061500100376,2016년 6월 15일 16시,수요일,마포대로,경상사고,0,0,1,0,차대차 - 추돌 - 진행중,안전운전불이행,포장 - 습기,비,단일로 - 기타,승용,남,75세,상해없음,승용,여,33세,경상
375,2016062200100337,2016년 6월 22일 16시,수요일,독막로,사망사고,1,0,0,0,차대사람 - 차도통행중,안전운전불이행,포장 - 습기,비,단일로 - 기타,화물,남,47세,상해없음,보행자,여,76세,사망
376,2016062400100178,2016년 6월 24일 09시,금요일,마포대로,부상신고사고,0,0,0,1,차대차 - 측면직각충돌,교차로운행방법위반,포장 - 습기,비,교차로 - 교차로안,자전거,남,57세,부상신고,승용,남,62세,상해없음
377,2016062400100307,2016년 6월 24일 13시,금요일,신촌로,중상사고,0,1,0,0,차대차 - 기타,안전운전불이행,포장 - 습기,비,단일로 - 기타,승용,남,63세,상해없음,원동기,남,61세,중상
378,2016063000100129,2016년 6월 30일 09시,목요일,상암로,경상사고,0,0,2,0,차대차 - 측면직각충돌,차로위반,포장 - 습기,비,교차로 - 교차로부근,승용,여,47세,상해없음,승용,남,49세,경상
379,2016070100100246,2016년 7월 1일 13시,금요일,성미산로,경상사고,0,0,2,0,차대차 - 추돌 - 진행중,안전운전불이행,포장 - 습기,비,단일로 - 기타,승용,남,54세,상해없음,화물,남,42세,경상
380,2016070100100295,2016년 7월 1일 14시,금요일,만리재로,경상사고,0,0,1,0,차대차 - 기타,신호위반,포장 - 습기,비,교차로 - 교차로안,기타불명,기타불명,기타불명,기타불명,이륜,남,52세,경상
381,2016070100100664,2016년 7월 1일 21시,금요일,동교로,경상사고,0,0,1,0,차대차 - 추돌 - 진행중,안전운전불이행,포장 - 습기,비,단일로 - 기타,승용,여,49세,상해없음,승용,여,24세,경상
382,2016070100100753,2016년 7월 1일 23시,금요일,대흥로,경상사고,0,0,1,0,차대사람 - 보도통행중,안전운전불이행,포장 - 습기,비,단일로 - 기타,기타불명,기타불명,기타불명,기타불명,보행자,여,55세,경상
383,2016070200100003,2016년 7월 2일 00시,토요일,양화로,경상사고,0,0,1,0,차대차 - 측면직각충돌,안전운전불이행,포장 - 습기,비,단일로 - 기타,승용,남,39세,상해없음,승용,여,49세,경상
384,2016070200100044,2016년 7월 2일 01시,토요일,외우산로,중상사고,0,1,0,0,차량단독 - 공작물충돌,과속,포장 - 습기,비,단일로 - 교량,승용,남,54세,상해없음,,,,
385,2016070400100383,2016년 7월 4일 18시,월요일,큰우물로,경상사고,0,0,1,0,차대사람 - 횡단중,안전운전불이행,포장 - 습기,비,단일로 - 기타,화물,남,47세,상해없음,보행자,남,4세,경상
386,2016070400100384,2016년 7월 4일 18시,월요일,백범로,경상사고,0,0,1,0,차대차 - 측면직각충돌,기타,포장 - 습기,비,단일로 - 기타,승용,남,61세,경상,승용,남,61세,상해없음
387,2016070500100273,2016년 7월 5일 14시,화요일,농수산시장로,경상사고,0,0,1,0,차대차 - 측면직각충돌,안전운전불이행,포장 - 습기,비,단일로 - 기타,승합,남,28세,기타불명,화물,남,28세,경상
388,2016071500100639,2016년 7월 15일 22시,금요일,어울마당로,중상사고,0,1,0,0,차대사람 - 차도통행중,안전운전불이행,포장 - 습기,비,단일로 - 기타,승용,남,31세,상해없음,보행자,여,98세 이상,중상
389,2016071600100004,2016년 7월 16일 00시,토요일,백범로,경상사고,0,0,1,0,차대차 - 추돌 - 진행중,안전운전불이행,포장 - 습기,비,단일로 - 기타,승용,남,53세,상해없음,승용,여,30세,경상
390,2016071600100195,2016년 7월 16일 09시,토요일,동교로,경상사고,0,0,3,0,차대차 - 추돌 - 진행중,안전운전불이행,포장 - 습기,비,단일로 - 기타,승용,남,44세,상해없음,승용,남,33세,경상
391,2016071600100347,2016년 7월 16일 14시,토요일,성산로,경상사고,0,0,1,0,차대차 - 추돌 - 진행중,안전거리미확보,포장 - 습기,비,교차로 - 교차로부근,승용,남,31세,상해없음,승용,남,66세,경상
392,2016071600100348,2016년 7월 16일 14시,토요일,양화로,부상신고사고,0,0,0,1,차대사람 - 차도통행중,안전운전불이행,포장 - 습기,비,단일로 - 기타,승용,남,60세,상해없음,보행자,남,43세,부상신고
393,2016071600100349,2016년 7월 16일 14시,토요일,월드컵북로,부상신고사고,0,0,0,1,차대사람 - 횡단중,안전운전불이행,포장 - 습기,비,단일로 - 횡단보도상,승용,남,60세,상해없음,보행자,남,98세 이상,부상신고
394,2016071700100003,2016년 7월 17일 00시,일요일,양화로,경상사고,0,0,1,0,차대차 - 측면직각충돌,안전거리미확보,포장 - 습기,비,단일로 - 기타,승용,남,32세,상해없음,승용,남,56세,경상
395,2016071800100019,2016년 7월 18일 02시,월요일,양화로,중상사고,0,1,0,0,차대사람 - 횡단중,보행자보호의무위반,포장 - 습기,비,교차로 - 교차로부근,승용,남,38세,기타불명,보행자,남,21세,중상
396,2016072900100083,2016년 7월 29일 06시,금요일,한강난지로,경상사고,0,0,1,0,차대차 - 추돌 - 진행중,안전운전불이행,포장 - 습기,비,기타 - 기타,화물,남,66세,상해없음,화물,남,69세,경상
397,2016072900100122,2016년 7월 29일 08시,금요일,선유로,경상사고,0,0,2,0,차대차 - 추돌 - 진행중,안전운전불이행,포장 - 습기,비,단일로 - 교량,승용,남,73세,상해없음,승용,남,61세,경상
398,2016072900100657,2016년 7월 29일 23시,금요일,토정로,사망사고,1,0,1,0,차대사람 - 기타,안전운전불이행,포장 - 습기,비,교차로 - 교차로안,승용,남,40세,상해없음,보행자,여,46세,사망
399,2016080200100381,2016년 8월 2일 18시,화요일,백범로,경상사고,0,0,1,0,차대사람 - 횡단중,안전운전불이행,포장 - 습기,비,교차로 - 교차로부근,승용,남,36세,상해없음,보행자,여,31세,경상
400,2016082500100475,2016년 8월 25일 19시,목요일,신촌로,중상사고,0,1,0,0,차대차 - 기타,안전거리미확보,포장 - 습기,비,단일로 - 기타,승용,남,61세,상해없음,이륜,남,38세,중상
401,2016082500100619,2016년 8월 25일 23시,목요일,백범로,중상사고,0,1,0,0,차대차 - 정면충돌,신호위반,포장 - 습기,비,교차로 - 교차로부근,승용,남,61세,상해없음,이륜,남,25세,중상
402,2016082600100001,2016년 8월 26일 00시,금요일,서강로,중상사고,0,1,2,0,차대차 - 추돌 - 진행중,안전운전불이행,포장 - 습기,비,교차로 - 교차로부근,승용,남,38세,상해없음,승용,남,56세,중상
403,2016082600100032,2016년 8월 26일 01시,금요일,양화로,중상사고,0,1,0,0,차대차 - 기타,신호위반,포장 - 습기,비,교차로 - 교차로안,기타불명,기타불명,기타불명,기타불명,이륜,남,24세,중상
404,2016082600100049,2016년 8월 26일 02시,금요일,한강난지로,중상사고,0,2,0,3,차대차 - 기타,안전운전불이행,포장 - 습기,비,단일로 - 기타,승용,남,53세,상해없음,승용,남,56세,상해없음
405,2016082600100101,2016년 8월 26일 05시,금요일,만리재로,경상사고,0,0,1,0,차대차 - 추돌 - 진행중,안전거리미확보,포장 - 습기,비,단일로 - 기타,승용,남,51세,상해없음,승용,남,61세,경상
406,2016083100100002,2016년 8월 31일 00시,수요일,신촌로,부상신고사고,0,0,0,1,차대차 - 추돌 - 진행중,안전운전불이행,포장 - 습기,비,단일로 - 기타,승용,남,66세,상해없음,승용,남,52세,부상신고
407,2016083100100079,2016년 8월 31일 05시,수요일,성미산로,경상사고,0,0,1,0,차대차 - 추돌 - 진행중,안전운전불이행,포장 - 습기,비,교차로 - 교차로부근,승용,남,32세,상해없음,이륜,남,40세,경상
408,2016070100100339,2016년 7월 1일 15시,금요일,성산로,경상사고,0,0,1,0,차대차 - 측면직각충돌,안전운전불이행,포장 - 습기,비,교차로 - 교차로안,승용,여,31세,상해없음,승용,남,38세,경상
409,2016070200100066,2016년 7월 2일 02시,토요일,성산로,경상사고,0,0,1,0,차대차 - 기타,안전운전불이행,포장 - 습기,비,단일로 - 기타,승용,남,41세,상해없음,승용,남,46세,상해없음
410,2016070400100455,2016년 7월 4일 20시,월요일,통일로,경상사고,0,0,1,0,차대사람 - 기타,중앙선침범,포장 - 습기,비,단일로 - 기타,승용,여,56세,상해없음,보행자,남,62세,경상
411,2016070400100456,2016년 7월 4일 20시,월요일,모래내로,경상사고,0,0,1,0,차대차 - 측면직각충돌,신호위반,포장 - 습기,비,교차로 - 교차로안,승용,여,57세,상해없음,승용,여,48세,경상
412,2016070400100571,2016년 7월 4일 23시,월요일,통일로,경상사고,0,0,1,2,차대차 - 측면직각충돌,안전거리미확보,포장 - 습기,비,단일로 - 횡단보도부근,승용,남,58세,상해없음,승용,남,56세,경상
413,2016070500100003,2016년 7월 5일 00시,화요일,거북골로,중상사고,0,1,0,0,차대차 - 기타,신호위반,포장 - 습기,비,교차로 - 교차로안,이륜,남,22세,중상,승용,남,65세,상해없음
414,2016070500100131,2016년 7월 5일 09시,화요일,서소문로,경상사고,0,0,1,0,차대차 - 측면직각충돌,안전운전불이행,포장 - 습기,비,단일로 - 기타,승용,남,66세,상해없음,승합,남,51세,경상
415,2016071500100679,2016년 7월 15일 23시,금요일,연희로,경상사고,0,0,1,0,차대차 - 추돌 - 진행중,안전운전불이행,포장 - 습기,비,단일로 - 기타,승용,기타불명,기타불명,기타불명,승용,남,47세,경상
416,2016071600100096,2016년 7월 16일 04시,토요일,세검정로,중상사고,0,1,0,0,차대사람 - 횡단중,보행자보호의무위반,포장 - 습기,비,교차로 - 교차로안,승용,남,58세,상해없음,보행자,여,42세,중상
417,2016071600100589,2016년 7월 16일 21시,토요일,통일로,중상사고,0,1,0,0,차대사람 - 차도통행중,안전운전불이행,포장 - 습기,비,단일로 - 기타,승합,남,54세,상해없음,보행자,남,51세,중상
418,2016071600100654,2016년 7월 16일 23시,토요일,증가로,중상사고,0,1,0,0,차대사람 - 횡단중,보행자보호의무위반,포장 - 습기,비,교차로 - 교차로안,승용,남,37세,상해없음,보행자,여,52세,중상
419,2016061100100578,2016년 6월 11일 21시,토요일,강남대로,중상사고,0,1,0,0,차대사람 - 기타,안전운전불이행,포장 - 습기,비,교차로 - 교차로부근,승용,남,34세,상해없음,보행자,남,35세,중상
420,2016061100100579,2016년 6월 11일 21시,토요일,남부순환로,경상사고,0,0,2,0,차대차 - 추돌 - 진행중,안전운전불이행,포장 - 습기,비,교차로 - 교차로부근,승용,남,55세,상해없음,승용,남,34세,경상
421,2016061100100668,2016년 6월 11일 23시,토요일,서초대로,중상사고,0,1,0,0,차대차 - 기타,안전운전불이행,포장 - 습기,비,단일로 - 기타,승용,남,48세,상해없음,이륜,남,25세,중상
422,2016061500100081,2016년 6월 15일 07시,수요일,반포대로,경상사고,0,0,1,0,차대사람 - 기타,보행자보호의무위반,포장 - 습기,비,교차로 - 교차로부근,승용,남,29세,상해없음,보행자,남,43세,경상
423,2016061500100310,2016년 6월 15일 14시,수요일,신반포로,경상사고,0,0,1,0,차대차 - 측면직각충돌,안전운전불이행,포장 - 습기,비,단일로 - 기타,승용,남,66세,상해없음,이륜,남,46세,경상
424,2016062200100388,2016년 6월 22일 17시,수요일,사평대로,경상사고,0,0,1,0,차대차 - 추돌 - 진행중,안전운전불이행,포장 - 습기,비,단일로 - 기타,승용,남,32세,상해없음,승용,여,43세,경상
425,2016062300100537,2016년 6월 23일 22시,목요일,강남대로,경상사고,0,0,2,0,차대차 - 추돌 - 진행중,안전운전불이행,포장 - 습기,비,교차로 - 교차로부근,승용,남,54세,기타불명,승용,남,28세,경상
426,2016062400100051,2016년 6월 24일 03시,금요일,반포대로,중상사고,0,1,1,0,차대차 - 측면직각충돌,신호위반,포장 - 습기,비,교차로 - 교차로안,승용,남,57세,경상,승용,남,63세,중상
427,2016062400100099,2016년 6월 24일 07시,금요일,태봉로,경상사고,0,0,1,0,차대차 - 기타,안전운전불이행,포장 - 습기,비,교차로 - 교차로부근,승용,남,35세,경상,승용,여,53세,상해없음
428,2016063000100058,2016년 6월 30일 06시,목요일,사임당로,중상사고,0,1,0,0,차대차 - 추돌 - 진행중,안전운전불이행,포장 - 습기,비,단일로 - 기타,기타불명,기타불명,기타불명,기타불명,이륜,남,41세,중상
429,2016070100100344,2016년 7월 1일 15시,금요일,매현로,경상사고,0,0,1,0,차대차 - 추돌 - 진행중,안전거리미확보,포장 - 습기,비,교차로 - 교차로부근,승합,남,51세,기타불명,승용,남,39세,상해없음
430,2016070100100399,2016년 7월 1일 16시,금요일,남부순환로,경상사고,0,0,2,0,차대차 - 추돌 - 진행중,중앙선침범,포장 - 습기,비,교차로 - 교차로부근,승용,남,41세,상해없음,승용,남,30세,경상
431,2016070100100454,2016년 7월 1일 17시,금요일,강남대로,경상사고,0,0,1,0,차대차 - 추돌 - 진행중,안전거리미확보,포장 - 습기,비,교차로 - 교차로부근,승용,남,33세,상해없음,승용,여,49세,경상
432,2016070100100607,2016년 7월 1일 20시,금요일,동작대로,경상사고,0,0,1,0,차대차 - 측면직각충돌,안전운전불이행,포장 - 습기,비,교차로 - 교차로안,승용,남,65세,상해없음,원동기,남,42세,경상
433,2016070100100715,2016년 7월 1일 22시,금요일,효령로,경상사고,0,0,1,0,차대차 - 측면직각충돌,안전거리미확보,포장 - 습기,비,단일로 - 기타,승용,여,31세,상해없음,승용,남,55세,경상
434,2016070100100716,2016년 7월 1일 22시,금요일,사임당로,경상사고,0,0,1,0,차대차 - 측면직각충돌,신호위반,포장 - 습기,비,교차로 - 교차로안,승용,남,30세,상해없음,이륜,남,24세,경상
435,2016070100100762,2016년 7월 1일 23시,금요일,우면산로,경상사고,0,0,3,0,차대차 - 측면직각충돌,안전거리미확보,포장 - 습기,비,단일로 - 기타,승용,남,49세,상해없음,승용,남,32세,경상
436,2016070100100765,2016년 7월 1일 23시,금요일,방배로,경상사고,0,0,1,0,차대사람 - 횡단중,보행자보호의무위반,포장 - 습기,비,교차로 - 교차로부근,승용,여,44세,상해없음,보행자,여,44세,경상
437,2016070200100071,2016년 7월 2일 02시,토요일,사평대로,중상사고,0,2,3,0,차대차 - 추돌 - 진행중,안전운전불이행,포장 - 습기,비,교차로 - 교차로부근,승합,남,56세,상해없음,승용,남,57세,중상
438,2016070400100501,2016년 7월 4일 21시,월요일,강남대로,중상사고,0,1,0,0,차대사람 - 길가장자리구역통행중,안전운전불이행,포장 - 습기,비,교차로 - 교차로부근,승용,남,40세,상해없음,보행자,남,46세,중상
439,2016070400100583,2016년 7월 4일 23시,월요일,남부순환로,사망사고,1,0,0,0,차대사람 - 기타,안전운전불이행,포장 - 습기,비,단일로 - 기타,승용,남,35세,상해없음,보행자,남,61세,사망
440,2016070400100584,2016년 7월 4일 23시,월요일,서초중앙로,경상사고,0,0,1,0,차대차 - 추돌 - 진행중,안전운전불이행,포장 - 습기,비,단일로 - 기타,승용,남,50세,상해없음,승용,남,56세,경상
441,2016070400100585,2016년 7월 4일 23시,월요일,양재대로,중상사고,0,1,0,0,차대사람 - 차도통행중,안전운전불이행,포장 - 습기,비,교차로 - 교차로부근,승용,남,56세,상해없음,보행자,남,45세,중상
442,2016070500100192,2016년 7월 5일 11시,화요일,청계산로,중상사고,0,2,0,0,차대차 - 정면충돌,안전운전불이행,포장 - 습기,비,단일로 - 기타,승용,남,62세,상해없음,승합,남,53세,상해없음
443,2016070500100340,2016년 7월 5일 16시,화요일,반포대로,경상사고,0,0,1,0,차대차 - 정면충돌,교차로운행방법위반,포장 - 습기,비,교차로 - 교차로안,승용,남,34세,상해없음,승용,남,58세,경상
444,2016070500100566,2016년 7월 5일 22시,화요일,서초대로,경상사고,0,0,1,0,차대차 - 측면직각충돌,안전거리미확보,포장 - 습기,비,단일로 - 기타,승용,남,27세,상해없음,승용,남,31세,경상
445,2016070500100599,2016년 7월 5일 23시,화요일,방배로,중상사고,0,1,2,0,차대차 - 측면직각충돌,신호위반,포장 - 습기,비,교차로 - 교차로안,승용,여,43세,기타불명,승용,남,50세,경상
446,2016070600100003,2016년 7월 6일 00시,수요일,사평대로,중상사고,0,1,0,0,차대사람 - 차도통행중,안전운전불이행,포장 - 습기,비,단일로 - 기타,승용,남,64세,상해없음,보행자,남,46세,중상
447,2016070700100170,2016년 7월 7일 11시,목요일,사임당로,경상사고,0,0,1,0,차대차 - 측면직각충돌,안전운전불이행,포장 - 결빙,비,교차로 - 교차로안,원동기,남,22세,경상,승용,남,35세,상해없음
448,2016071200100005,2016년 7월 12일 00시,화요일,동작대로,중상사고,0,1,0,0,차대차 - 측면직각충돌,안전운전불이행,포장 - 습기,비,단일로 - 기타,승용,남,59세,상해없음,승용,남,28세,중상
449,2016071500100687,2016년 7월 15일 23시,금요일,서초대로,경상사고,0,0,1,0,차대차 - 기타,차로위반,포장 - 습기,비,교차로 - 교차로부근,승용,기타불명,기타불명,기타불명,승용,남,53세,경상
450,2016071600100059,2016년 7월 16일 02시,토요일,효령로,경상사고,0,0,1,0,차대차 - 측면직각충돌,안전운전불이행,포장 - 습기,비,단일로 - 교량,승용,남,61세,상해없음,승용,남,44세,상해없음
451,2016071600100120,2016년 7월 16일 05시,토요일,사평대로,중상사고,0,1,3,0,차대차 - 측면직각충돌,중앙선침범,포장 - 습기,비,교차로 - 교차로부근,승용,남,29세,경상,승용,남,71세,경상
452,2016071600100352,2016년 7월 16일 14시,토요일,서운로,경상사고,0,0,1,0,차대차 - 기타,안전운전불이행,포장 - 습기,비,교차로 - 교차로안,승용,남,28세,상해없음,승용,남,26세,경상
453,2016072900100123,2016년 7월 29일 08시,금요일,과천대로,부상신고사고,0,0,0,1,차량단독 - 전도전복,안전운전불이행,포장 - 습기,비,단일로 - 기타,승용,남,52세,부상신고,,,,
454,2016072900100597,2016년 7월 29일 21시,금요일,강남대로,중상사고,0,1,0,0,차대사람 - 차도통행중,안전운전불이행,포장 - 습기,비,단일로 - 기타,승용,남,26세,상해없음,보행자,여,25세,중상
455,2016073100100010,2016년 7월 31일 00시,일요일,과천대로,중상사고,0,2,0,0,차량단독 - 공작물충돌,과속,포장 - 습기,비,단일로 - 기타,승용,남,37세,중상,,,,
456,2016073100100012,2016년 7월 31일 00시,일요일,과천대로,사망사고,1,1,0,0,차량단독 - 공작물충돌,과속,포장 - 습기,비,기타 - 기타,승용,남,37세,사망,,,,
457,2016081400100133,2016년 8월 14일 10시,일요일,강남대로,경상사고,0,0,2,0,차대차 - 측면직각충돌,교차로운행방법위반,포장 - 습기,비,교차로 - 교차로안,승용,여,43세,경상,승용,남,57세,경상
458,2016082600100040,2016년 8월 26일 01시,금요일,동작대로,경상사고,0,0,1,0,차량단독 - 공작물충돌,안전운전불이행,포장 - 습기,비,단일로 - 기타,승용,남,41세,상해없음,,,,
459,2016082600100075,2016년 8월 26일 03시,금요일,신반포로,경상사고,0,0,1,0,차량단독 - 공작물충돌,안전운전불이행,포장 - 습기,비,단일로 - 기타,승용,남,71세,상해없음,,,,
460,2016082600100089,2016년 8월 26일 04시,금요일,바우뫼로,경상사고,0,0,2,0,차량단독 - 공작물충돌,과속,포장 - 습기,비,단일로 - 기타,승용,남,48세,상해없음,,,,
461,2016082600100126,2016년 8월 26일 06시,금요일,남부순환로,경상사고,0,0,1,0,차대차 - 추돌 - 진행중,안전거리미확보,포장 - 습기,비,단일로 - 기타,승용,남,64세,상해없음,승용,남,62세,경상
462,2016083100100138,2016년 8월 31일 08시,수요일,남부순환로,경상사고,0,0,1,0,차대차 - 측면직각충돌,안전운전불이행,포장 - 습기,비,단일로 - 기타,승용,남,63세,상해없음,승용,남,39세,경상
463,2016083100100371,2016년 8월 31일 15시,수요일,서운로,경상사고,0,0,1,0,차대차 - 기타,신호위반,포장 - 습기,비,단일로 - 기타,승용,여,61세,상해없음,이륜,남,51세,경상
464,2016061200100048,2016년 6월 12일 02시,일요일,마조로,중상사고,0,1,0,0,차대사람 - 보도통행중,보행자보호의무위반,포장 - 습기,비,교차로 - 교차로안,승용,남,71세,상해없음,보행자,여,41세,중상
465,2016061500100276,2016년 6월 15일 13시,수요일,천호대로,경상사고,0,0,1,0,차대차 - 기타,안전거리미확보,포장 - 습기,비,단일로 - 기타,승용,남,65세,상해없음,원동기,남,45세,경상
466,2016062400100050,2016년 6월 24일 03시,금요일,강변북로,중상사고,0,1,0,0,차량단독 - 기타,안전운전불이행,포장 - 습기,비,단일로 - 기타,승용,남,62세,상해없음,,,,
467,2016062400100062,2016년 6월 24일 04시,금요일,왕십리로,경상사고,0,0,4,0,차대차 - 추돌 - 진행중,안전운전불이행,포장 - 습기,비,단일로 - 기타,승용,남,27세,상해없음,화물,남,75세,경상
468,2016070100100498,2016년 7월 1일 18시,금요일,강변북로,경상사고,0,0,3,0,차대차 - 추돌 - 진행중,안전운전불이행,비포장 - 습기,비,단일로 - 기타,승용,남,81세,상해없음,승용,여,37세,경상
469,2016070100100598,2016년 7월 1일 20시,금요일,마조로,경상사고,0,0,1,0,차대사람 - 횡단중,신호위반,포장 - 습기,비,교차로 - 교차로안,승용,남,56세,상해없음,보행자,여,25세,경상
470,2016070100100667,2016년 7월 1일 21시,금요일,뚝섬로,경상사고,0,0,1,0,차대차 - 추돌 - 진행중,안전거리미확보,포장 - 습기,비,교차로 - 교차로부근,승용,남,51세,상해없음,승용,남,42세,경상
471,2016070200100082,2016년 7월 2일 03시,토요일,금호로,중상사고,0,1,0,0,차대사람 - 횡단중,안전운전불이행,포장 - 습기,비,교차로 - 교차로안,승용,남,39세,상해없음,보행자,여,52세,중상
472,2016070200100106,2016년 7월 2일 04시,토요일,강변북로,중상사고,0,2,0,0,차대차 - 측면직각충돌,과속,포장 - 습기,비,단일로 - 교량,승용,남,52세,중상,승용,남,41세,상해없음
473,2016070400100576,2016년 7월 4일 23시,월요일,고산자로,경상사고,0,0,1,0,차대차 - 추돌 - 진행중,안전거리미확보,포장 - 습기,비,단일로 - 기타,승용,남,36세,상해없음,승용,여,31세,경상
474,2016070500100183,2016년 7월 5일 11시,화요일,행당로,부상신고사고,0,0,0,1,차대차 - 추돌 - 진행중,안전운전불이행,포장 - 습기,비,단일로 - 기타,이륜,남,50세,부상신고,승용,남,66세,상해없음
475,2016070500100490,2016년 7월 5일 20시,화요일,행당로,경상사고,0,0,1,0,차대차 - 기타,안전운전불이행,포장 - 습기,비,단일로 - 기타,화물,남,57세,상해없음,자전거,남,24세,경상
476,2016071000100057,2016년 7월 10일 03시,일요일,난계로,경상사고,0,0,1,0,차량단독 - 전도전복,안전운전불이행,포장 - 습기,비,단일로 - 기타,이륜,남,16세,상해없음,,,,
477,2016071600100350,2016년 7월 16일 14시,토요일,동호로,경상사고,0,0,1,0,차대차 - 기타,안전운전불이행,포장 - 습기,비,단일로 - 기타,승용,남,70세,상해없음,자전거,남,70세,경상
478,2016071600100591,2016년 7월 16일 21시,토요일,아차산로,중상사고,0,1,0,0,차대차 - 측면직각충돌,안전운전불이행,포장 - 습기,비,교차로 - 교차로안,승용,남,56세,상해없음,자전거,여,40세,중상
479,2016073100100054,2016년 7월 31일 03시,일요일,강변북로,중상사고,0,1,0,0,차대차 - 추돌 - 진행중,안전운전불이행,포장 - 습기,비,단일로 - 기타,화물,남,41세,상해없음,승용,남,56세,중상
480,2016082500100520,2016년 8월 25일 20시,목요일,성수이로,경상사고,0,0,1,0,차대사람 - 기타,안전운전불이행,포장 - 습기,비,교차로 - 교차로안,승용,기타불명,기타불명,기타불명,보행자,남,80세,경상
481,2016082600100002,2016년 8월 26일 00시,금요일,동일로,부상신고사고,0,0,0,1,차대사람 - 보도통행중,안전운전불이행,포장 - 습기,비,단일로 - 기타,기타불명,기타불명,기타불명,기타불명,보행자,남,53세,부상신고
482,2016082600100069,2016년 8월 26일 03시,금요일,전농로,경상사고,0,0,2,0,차대사람 - 기타,안전운전불이행,포장 - 습기,비,교차로 - 교차로안,승용,남,50세,상해없음,보행자,남,36세,경상
483,2016083100100324,2016년 8월 31일 14시,수요일,동부간선도로,경상사고,0,0,1,0,차대차 - 추돌 - 진행중,안전거리미확보,포장 - 습기,비,단일로 - 기타,승용,남,74세,상해없음,승용,남,35세,경상
484,2016083100100408,2016년 8월 31일 16시,수요일,금호로,중상사고,0,1,0,0,차대사람 - 횡단중,신호위반,포장 - 습기,비,교차로 - 교차로부근,화물,남,62세,상해없음,보행자,여,53세,중상
485,2016061100100293,2016년 6월 11일 13시,토요일,보문로,경상사고,0,0,1,0,차대차 - 측면직각충돌,안전운전불이행,포장 - 습기,비,교차로 - 교차로안,승용,남,45세,상해없음,원동기,남,30세,경상
486,2016061500100075,2016년 6월 15일 07시,수요일,솔샘로,경상사고,0,0,1,0,차대차 - 추돌 - 진행중,안전운전불이행,포장 - 습기,비,단일로 - 기타,승용,남,24세,상해없음,승용,여,41세,경상
487,2016062200100225,2016년 6월 22일 13시,수요일,북악산로,경상사고,0,0,1,0,차대차 - 정면충돌,직진우회전진행방해,포장 - 습기,비,교차로 - 교차로안,승용,남,58세,상해없음,자전거,남,35세,경상
488,2016062200100261,2016년 6월 22일 14시,수요일,보국문로,경상사고,0,0,1,0,차대사람 - 횡단중,신호위반,포장 - 습기,비,교차로 - 교차로부근,화물,남,51세,상해없음,보행자,남,78세,경상
489,2016062400100184,2016년 6월 24일 09시,금요일,오패산로,중상사고,0,1,2,0,차대차 - 측면직각충돌,안전운전불이행,포장 - 습기,비,교차로 - 교차로안,승용,남,56세,중상,승용,여,39세,경상
490,2016062500100512,2016년 6월 25일 18시,토요일,돌곶이로,중상사고,0,1,1,0,차대차 - 측면직각충돌,교차로운행방법위반,비포장 - 습기,비,교차로 - 교차로안,이륜,남,21세,경상,이륜,남,83세,중상
491,2016062500100615,2016년 6월 25일 21시,토요일,한천로,경상사고,0,0,3,0,차대차 - 추돌 - 진행중,안전운전불이행,포장 - 습기,비,교차로 - 교차로부근,이륜,남,25세,경상,승합,남,46세,경상
492,2016070100100341,2016년 7월 1일 15시,금요일,안양로,중상사고,0,1,0,0,차대사람 - 차도통행중,보행자보호의무위반,포장 - 습기,비,단일로 - 기타,화물,남,24세,상해없음,보행자,여,9세,중상
493,2016070100100452,2016년 7월 1일 17시,금요일,오패산로,경상사고,0,0,1,0,차대사람 - 길가장자리구역통행중,안전운전불이행,포장 - 습기,비,단일로 - 기타,화물,남,26세,상해없음,보행자,여,14세,경상
494,2016070100100548,2016년 7월 1일 19시,금요일,오패산로,경상사고,0,0,1,0,차대사람 - 보도통행중,중앙선침범,포장 - 습기,비,단일로 - 기타,승용,남,43세,상해없음,보행자,여,23세,경상
495,2016070100100661,2016년 7월 1일 21시,금요일,보문로,중상사고,0,1,0,0,차대차 - 정면충돌,안전운전불이행,포장 - 습기,비,교차로 - 교차로안,이륜,남,26세,상해없음,이륜,남,23세,중상
496,2016070100100761,2016년 7월 1일 23시,금요일,돌곶이로,경상사고,0,0,1,0,차대사람 - 횡단중,안전운전불이행,포장 - 습기,비,단일로 - 기타,승용,남,30세,상해없음,보행자,여,54세,경상
497,2016070200100070,2016년 7월 2일 02시,토요일,화랑로,사망사고,1,0,0,0,차량단독 - 공작물충돌,안전운전불이행,포장 - 습기,비,교차로 - 교차로부근,이륜,남,22세,사망,,,,
498,2016070300100016,2016년 7월 3일 01시,일요일,화랑로,경상사고,0,0,1,0,차대차 - 기타,차로위반,포장 - 습기,비,단일로 - 기타,승용,기타불명,기타불명,기타불명,승용,남,56세,상해없음
499,2016070400100289,2016년 7월 4일 15시,월요일,보국문로,경상사고,0,0,1,0,차대차 - 측면직각충돌,신호위반,포장 - 습기,비,단일로 - 기타,승용,여,38세,상해없음,승합,남,40세,상해없음
500,2016070400100293,2016년 7월 4일 15시,월요일,종암로,경상사고,0,0,1,0,차대차 - 기타,안전운전불이행,포장 - 습기,비,교차로 - 교차로부근,승용,남,25세,상해없음,이륜,남,39세,경상
501,2016070400100386,2016년 7월 4일 18시,월요일,돌곶이로,경상사고,0,0,2,0,차량단독 - 기타,안전운전불이행,포장 - 습기,비,단일로 - 기타,승합,남,43세,상해없음,,,,
502,2016070400100423,2016년 7월 4일 19시,월요일,삼양로,중상사고,0,1,0,0,차대사람 - 횡단중,보행자보호의무위반,포장 - 습기,비,교차로 - 교차로안,화물,남,41세,상해없음,보행자,여,53세,중상
503,2016070400100582,2016년 7월 4일 23시,월요일,정릉로,경상사고,0,0,2,0,차량단독 - 공작물충돌,안전운전불이행,포장 - 습기,비,단일로 - 기타,승용,남,53세,상해없음,,,,
504,2016070500100133,2016년 7월 5일 09시,화요일,정릉로,중상사고,0,1,1,0,차대차 - 추돌 - 진행중,안전운전불이행,포장 - 습기,비,단일로 - 교량,승합,남,62세,상해없음,승용,남,32세,경상
505,2016070500100596,2016년 7월 5일 23시,화요일,보문로,경상사고,0,0,1,0,차대차 - 추돌 - 진행중,안전운전불이행,포장 - 습기,비,교차로 - 교차로안,승용,남,66세,상해없음,승용,남,31세,상해없음
506,2016071500100684,2016년 7월 15일 23시,금요일,삼양로,중상사고,0,1,0,0,차대사람 - 횡단중,안전운전불이행,포장 - 습기,비,단일로 - 횡단보도부근,승용,남,30세,상해없음,보행자,남,45세,중상
507,2016071600100036,2016년 7월 16일 01시,토요일,종암로,중상사고,0,2,0,0,차대차 - 측면직각충돌,기타,포장 - 습기,비,단일로 - 기타,승용,남,51세,상해없음,승용,남,45세,중상
508,2016071600100261,2016년 7월 16일 11시,토요일,성북로,경상사고,0,0,1,2,차대차 - 추돌 - 진행중,안전운전불이행,포장 - 습기,비,단일로 - 횡단보도부근,화물,남,52세,상해없음,승용,남,70세,경상
509,2016071600100428,2016년 7월 16일 16시,토요일,정릉로,경상사고,0,0,1,0,차대차 - 추돌 - 진행중,안전운전불이행,포장 - 습기,비,미분류 - 미분류,승용,남,46세,상해없음,화물,남,34세,경상
510,2016072300100602,2016년 7월 23일 22시,토요일,장월로,경상사고,0,0,1,0,차대사람 - 횡단중,안전운전불이행,포장 - 습기,비,단일로 - 기타,이륜,남,23세,상해없음,보행자,여,65세,경상
511,2016072900100034,2016년 7월 29일 02시,금요일,한천로,중상사고,0,1,0,0,차량단독 - 공작물충돌,기타,포장 - 습기,비,교차로 - 교차로안,이륜,남,23세,중상,,,,
512,2016072900100096,2016년 7월 29일 07시,금요일,보국문로,경상사고,0,0,1,0,차대차 - 정면충돌,안전운전불이행,포장 - 습기,비,교차로 - 교차로안,승용,남,46세,상해없음,승용,여,29세,경상
513,2016073000100060,2016년 7월 30일 03시,토요일,화랑로,중상사고,0,1,0,0,차대차 - 측면직각충돌,신호위반,포장 - 습기,비,교차로 - 교차로안,승용,남,39세,상해없음,승용,남,55세,중상
514,2016080900100489,2016년 8월 9일 20시,화요일,종암로,경상사고,0,0,2,0,차대차 - 정면충돌,신호위반,포장 - 습기,비,교차로 - 교차로안,승용,여,20세,경상,승용,남,60세,상해없음
515,2016081800100328,2016년 8월 18일 15시,목요일,돌곶이로,경상사고,0,0,1,0,차대차 - 측면직각충돌,안전거리미확보,포장 - 습기,비,교차로 - 교차로부근,화물,남,22세,상해없음,이륜,남,55세,경상
516,2016082300100293,2016년 8월 23일 15시,화요일,정릉로,경상사고,0,0,1,0,차대차 - 측면직각충돌,신호위반,포장 - 습기,비,교차로 - 교차로안,승합,남,24세,상해없음,승용,남,36세,상해없음
517,2016082500100589,2016년 8월 25일 22시,목요일,화랑로,경상사고,0,0,2,0,차대차 - 측면직각충돌,신호위반,포장 - 습기,비,교차로 - 교차로안,화물,남,43세,상해없음,승용,남,53세,경상
518,2016082600100100,2016년 8월 26일 05시,금요일,동소문로,경상사고,0,0,2,0,차대차 - 기타,안전운전불이행,포장 - 습기,비,단일로 - 기타,승합,남,45세,상해없음,승용,남,48세,경상
519,2016082800100313,2016년 8월 28일 16시,일요일,지봉로,경상사고,0,0,2,0,차대차 - 측면직각충돌,신호위반,포장 - 습기,비,교차로 - 교차로안,승용,여,55세,상해없음,승용,남,21세,경상
520,2016083100100065,2016년 8월 31일 04시,수요일,길음로,중상사고,0,1,1,0,차대차 - 추돌 - 진행중,안전운전불이행,포장 - 습기,비,단일로 - 기타,승용,남,68세,상해없음,화물,남,56세,경상
521,2016061100100367,2016년 6월 11일 15시,토요일,노들로,중상사고,0,1,0,0,차대차 - 측면직각충돌,안전운전불이행,포장 - 습기,비,단일로 - 기타,승용,남,54세,상해없음,이륜,남,17세,중상
522,2016061100100663,2016년 6월 11일 23시,토요일,양평로,중상사고,0,1,0,0,차대사람 - 횡단중,보행자보호의무위반,포장 - 습기,비,교차로 - 교차로안,승용,남,51세,상해없음,보행자,여,18세,중상
523,2016061200100068,2016년 6월 12일 04시,일요일,여의대방로,경상사고,0,0,1,0,차대차 - 측면직각충돌,안전거리미확보,포장 - 습기,비,교차로 - 교차로안,승용,남,19세,기타불명,승용,남,54세,경상
524,2016061500100060,2016년 6월 15일 06시,수요일,성산로,중상사고,0,1,0,0,차량단독 - 공작물충돌,안전운전불이행,포장 - 습기,비,단일로 - 기타,승용,남,48세,상해없음,,,,
525,2016061500100412,2016년 6월 15일 17시,수요일,당산로,중상사고,0,1,2,0,차대차 - 추돌 - 진행중,안전운전불이행,포장 - 습기,비,교차로 - 교차로부근,화물,남,24세,상해없음,승용,남,73세,경상
526,2016062200100226,2016년 6월 22일 13시,수요일,국제금융로,중상사고,0,1,0,0,차대차 - 추돌 - 진행중,안전운전불이행,포장 - 습기,비,교차로 - 교차로안,승용,남,58세,상해없음,승용,남,41세,중상
527,2016062200100265,2016년 6월 22일 14시,수요일,버드나루로,경상사고,0,0,1,0,차대차 - 측면직각충돌,안전거리미확보,포장 - 습기,비,단일로 - 기타,이륜,남,47세,경상,승용,남,32세,기타불명
528,2016062200100384,2016년 6월 22일 17시,수요일,영중로,중상사고,0,1,0,0,차대사람 - 기타,안전운전불이행,포장 - 습기,비,단일로 - 기타,승합,남,53세,상해없음,보행자,여,19세,중상
529,2016062200100422,2016년 6월 22일 18시,수요일,영신로,경상사고,0,0,1,0,차대차 - 측면직각충돌,안전운전불이행,포장 - 습기,비,단일로 - 기타,승합,남,37세,상해없음,이륜,남,24세,경상
530,2016062400100039,2016년 6월 24일 02시,금요일,영등포로,경상사고,0,0,3,0,차대차 - 측면직각충돌,안전거리미확보,포장 - 습기,비,단일로 - 기타,승용,남,64세,경상,승용,남,50세,경상
531,2016062400100068,2016년 6월 24일 05시,금요일,여의대방로,중상사고,0,1,0,0,차대차 - 측면직각충돌,안전거리미확보,포장 - 습기,비,교차로 - 교차로안,승용,남,60세,상해없음,자전거,여,31세,중상
532,2016062400100225,2016년 6월 24일 10시,금요일,영중로,중상사고,0,1,0,0,차대사람 - 횡단중,안전운전불이행,포장 - 습기,비,교차로 - 교차로부근,승용,남,43세,상해없음,보행자,여,67세,중상
533,2016070100100665,2016년 7월 1일 21시,금요일,양평로,경상사고,0,0,1,0,차대차 - 추돌 - 진행중,안전운전불이행,포장 - 습기,비,기타 - 기타,승용,남,46세,상해없음,승용,남,38세,경상
534,2016070200100081,2016년 7월 2일 03시,토요일,국회대로,중상사고,0,1,0,0,차대차 - 추돌 - 진행중,안전운전불이행,포장 - 습기,비,교차로 - 교차로부근,승용,남,30세,기타불명,승용,남,42세,중상
535,2016070200100463,2016년 7월 2일 18시,토요일,선유로,부상신고사고,0,0,0,1,차대차 - 기타,교차로운행방법위반,포장 - 습기,비,교차로 - 교차로안,승용,여,54세,상해없음,승용,남,28세,부상신고
536,2016070400100147,2016년 7월 4일 10시,월요일,양평로,경상사고,0,0,1,0,차대사람 - 횡단중,보행자보호의무위반,포장 - 습기,비,교차로 - 교차로부근,승합,남,42세,기타불명,보행자,여,55세,경상
537,2016070400100291,2016년 7월 4일 15시,월요일,당산로,경상사고,0,0,2,0,차대차 - 추돌 - 진행중,안전운전불이행,포장 - 습기,비,단일로 - 기타,승용,여,63세,상해없음,승용,남,57세,상해없음
538,2016070400100351,2016년 7월 4일 17시,월요일,가마산로,경상사고,0,0,1,0,차대차 - 기타,안전운전불이행,포장 - 습기,비,단일로 - 기타,승용,남,45세,상해없음,승용,남,53세,경상
539,2016070400100420,2016년 7월 4일 19시,월요일,여의대방로,경상사고,0,0,1,0,차대사람 - 기타,안전운전불이행,포장 - 습기,비,기타 - 기타,기타불명,기타불명,기타불명,기타불명,보행자,남,35세,경상
540,2016070400100537,2016년 7월 4일 22시,월요일,여의대방로,경상사고,0,0,1,0,차대차 - 정면충돌,신호위반,포장 - 습기,비,단일로 - 기타,승용,남,56세,상해없음,승용,남,51세,상해없음
541,2016070400100573,2016년 7월 4일 23시,월요일,경인로,경상사고,0,0,2,0,차대차 - 추돌 - 진행중,안전운전불이행,포장 - 습기,비,단일로 - 기타,승용,남,28세,기타불명,승용,남,47세,경상
542,2016070400100574,2016년 7월 4일 23시,월요일,신풍로,중상사고,0,1,0,0,차대사람 - 횡단중,안전운전불이행,비포장 - 습기,비,단일로 - 기타,승용,남,60세,기타불명,보행자,남,38세,중상
543,2016070500100098,2016년 7월 5일 08시,화요일,여의동로,경상사고,0,0,1,0,차대차 - 추돌 - 진행중,안전거리미확보,포장 - 습기,비,교차로 - 교차로안,승용,남,45세,상해없음,승용,남,47세,경상
544,2016070500100134,2016년 7월 5일 09시,화요일,여의대로,경상사고,0,0,1,0,차대차 - 측면직각충돌,안전거리미확보,포장 - 습기,비,교차로 - 교차로부근,승합,남,63세,상해없음,승용,남,47세,경상
545,2016070500100337,2016년 7월 5일 16시,화요일,도림로,부상신고사고,0,0,0,1,차대차 - 추돌 - 진행중,안전운전불이행,포장 - 습기,비,교차로 - 교차로부근,승용,남,46세,상해없음,화물,남,48세,부상신고
546,2016070700100163,2016년 7월 7일 11시,목요일,국회대로,경상사고,0,0,1,0,차대차 - 추돌 - 진행중,안전운전불이행,포장 - 습기,비,교차로 - 교차로부근,승용,남,43세,상해없음,승용,여,36세,경상
547,2016071600100055,2016년 7월 16일 02시,토요일,여의동로,경상사고,0,0,1,0,차대차 - 측면직각충돌,안전운전불이행,포장 - 습기,비,교차로 - 교차로안,승용,남,22세,상해없음,승용,남,29세,경상
548,2016071600100135,2016년 7월 16일 06시,토요일,노들로,경상사고,0,0,1,0,차대차 - 기타,안전운전불이행,포장 - 습기,비,단일로 - 기타,승용,남,27세,기타불명,승용,남,45세,경상
549,2016071600100263,2016년 7월 16일 11시,토요일,영중로,경상사고,0,0,1,0,차대사람 - 보도통행중,안전운전불이행,포장 - 습기,비,기타 - 기타,화물,남,23세,상해없음,보행자,남,28세,경상
550,2016071600100388,2016년 7월 16일 15시,토요일,여의대로,경상사고,0,0,1,0,차대차 - 기타,안전운전불이행,포장 - 습기,비,단일로 - 기타,이륜,남,58세,경상,승용,남,69세,상해없음
551,2016071700100031,2016년 7월 17일 01시,일요일,신길로,경상사고,0,0,2,0,차대차 - 측면직각충돌,신호위반,포장 - 습기,비,교차로 - 교차로안,승용,남,27세,상해없음,승용,남,72세,경상
552,2016071700100076,2016년 7월 17일 04시,일요일,노들로,중상사고,0,1,1,0,차대차 - 측면직각충돌,안전운전불이행,포장 - 습기,비,단일로 - 기타,승용,남,62세,경상,승합,남,73세,기타불명
553,2016072300100573,2016년 7월 23일 21시,토요일,디지털로,경상사고,0,0,5,0,차대차 - 추돌 - 진행중,안전운전불이행,포장 - 습기,비,교차로 - 교차로부근,승합,남,37세,상해없음,승용,남,55세,경상
554,2016072400100208,2016년 7월 24일 13시,일요일,도신로,경상사고,0,0,1,0,차대차 - 측면직각충돌,안전운전불이행,포장 - 습기,비,단일로 - 기타,승용,남,36세,상해없음,승용,여,56세,경상
555,2016072900100216,2016년 7월 29일 11시,금요일,의사당대로,부상신고사고,0,0,0,1,차대차 - 측면직각충돌,안전거리미확보,포장 - 습기,비,단일로 - 기타,승용,남,73세,상해없음,이륜,남,23세,부상신고
556,2016072900100592,2016년 7월 29일 21시,금요일,안양천로,경상사고,0,0,2,0,차대차 - 추돌 - 진행중,안전운전불이행,포장 - 습기,비,단일로 - 기타,승용,남,40세,상해없음,승용,여,57세,경상
557,2016072900100593,2016년 7월 29일 21시,금요일,선유로,경상사고,0,0,2,0,차대차 - 추돌 - 진행중,안전운전불이행,포장 - 습기,비,단일로 - 교량,기타불명,기타불명,기타불명,기타불명,승용,남,32세,경상
558,2016073000100184,2016년 7월 30일 10시,토요일,디지털로,경상사고,0,0,1,0,차대차 - 측면직각충돌,기타,포장 - 습기,비,교차로 - 교차로안,자전거,남,54세,경상,승용,남,30세,상해없음
559,2016080900100291,2016년 8월 9일 14시,화요일,대방천로,경상사고,0,0,4,0,차대차 - 측면직각충돌,신호위반,포장 - 습기,비,교차로 - 교차로안,승용,남,45세,기타불명,화물,남,49세,경상
560,2016080900100292,2016년 8월 9일 14시,화요일,영등포로,경상사고,0,0,2,0,차대차 - 추돌 - 진행중,안전운전불이행,포장 - 습기,비,교차로 - 교차로안,승용,남,42세,상해없음,승용,여,66세,경상
561,2016082600100050,2016년 8월 26일 02시,금요일,노들로,경상사고,0,0,2,0,차량단독 - 공작물충돌,안전운전불이행,포장 - 습기,비,단일로 - 기타,승용,남,46세,경상,,,,
562,2016082600100087,2016년 8월 26일 04시,금요일,여의나루로,경상사고,0,0,1,0,차대사람 - 기타,안전운전불이행,포장 - 습기,비,단일로 - 기타,화물,남,47세,상해없음,보행자,남,68세,경상
563,2016082600100102,2016년 8월 26일 05시,금요일,가마산로,부상신고사고,0,0,0,1,차대차 - 기타,안전운전불이행,포장 - 습기,비,교차로 - 교차로안,승용,남,67세,상해없음,기타불명,남,69세,부상신고
564,2016083100100108,2016년 8월 31일 07시,수요일,도림천로,경상사고,0,0,1,0,차대차 - 추돌 - 진행중,안전운전불이행,포장 - 습기,비,교차로 - 교차로부근,승용,남,66세,상해없음,승용,남,55세,경상
565,2016083100100135,2016년 8월 31일 08시,수요일,선유로,경상사고,0,0,1,0,차대차 - 기타,안전운전불이행,포장 - 습기,비,단일로 - 기타,승용,남,49세,상해없음,승용,남,33세,경상
566,2016083100100300,2016년 8월 31일 13시,수요일,가마산로,경상사고,0,0,1,0,차대차 - 기타,중앙선침범,포장 - 습기,비,교차로 - 교차로안,승용,남,24세,상해없음,원동기,남,34세,경상
567,2016061500100062,2016년 6월 15일 06시,수요일,신정로,경상사고,0,0,1,0,차대차 - 추돌 - 진행중,안전운전불이행,포장 - 습기,비,단일로 - 기타,화물,남,55세,상해없음,승용,남,25세,경상
568,2016061500100346,2016년 6월 15일 15시,수요일,중앙로,부상신고사고,0,0,0,1,차대차 - 기타,안전운전불이행,포장 - 습기,비,단일로 - 기타,승용,남,34세,상해없음,이륜,남,22세,부상신고
569,2016061500100347,2016년 6월 15일 15시,수요일,신월로,경상사고,0,0,1,0,차대사람 - 보도통행중,기타,포장 - 습기,비,단일로 - 기타,승용,남,36세,상해없음,보행자,여,43세,경상
570,2016061500100452,2016년 6월 15일 18시,수요일,목동중앙북로,경상사고,0,0,1,0,차대차 - 기타,안전운전불이행,포장 - 습기,비,교차로 - 교차로안,승용,여,64세,상해없음,원동기,남,24세,경상
571,2016062200100389,2016년 6월 22일 17시,수요일,월정로,경상사고,0,0,1,0,차대사람 - 기타,안전운전불이행,포장 - 습기,비,단일로 - 기타,승용,남,52세,상해없음,보행자,여,32세,경상
572,2016062400100100,2016년 6월 24일 07시,금요일,목동서로,중상사고,0,1,0,0,차대차 - 추돌 - 진행중,안전운전불이행,포장 - 습기,비,단일로 - 기타,화물,남,47세,기타불명,승용,남,66세,중상
573,2016070100100549,2016년 7월 1일 19시,금요일,목동서로,경상사고,0,0,1,0,차대차 - 측면직각충돌,안전운전불이행,포장 - 습기,비,단일로 - 기타,승용,여,30세,상해없음,승용,남,57세,경상
574,2016070100100763,2016년 7월 1일 23시,금요일,중앙로,경상사고,0,0,1,0,차대사람 - 횡단중,보행자보호의무위반,포장 - 습기,비,교차로 - 교차로안,승용,남,76세,상해없음,보행자,여,34세,경상
575,2016070200100086,2016년 7월 2일 03시,토요일,국회대로,경상사고,0,0,2,0,차대차 - 측면직각충돌,안전거리미확보,포장 - 습기,비,단일로 - 기타,승용,여,46세,상해없음,승용,남,48세,경상
576,2016070400100294,2016년 7월 4일 15시,월요일,목동로,경상사고,0,0,1,0,차대차 - 기타,안전거리미확보,포장 - 습기,비,단일로 - 기타,화물,남,47세,기타불명,승용,여,24세,경상
577,2016070400100586,2016년 7월 4일 23시,월요일,목동로,경상사고,0,0,1,0,차대차 - 추돌 - 진행중,안전운전불이행,포장 - 습기,비,교차로 - 교차로부근,승용,남,64세,상해없음,승용,남,68세,경상
578,2016070500100038,2016년 7월 5일 02시,화요일,국회대로,중상사고,0,1,0,0,차대차 - 추돌 - 진행중,안전거리미확보,포장 - 습기,비,교차로 - 교차로부근,승용,남,63세,상해없음,승용,남,53세,중상
579,2016070500100048,2016년 7월 5일 04시,화요일,목동서로,경상사고,0,0,4,0,차대차 - 기타,안전운전불이행,포장 - 습기,비,단일로 - 기타,승용,남,68세,상해없음,승용,남,22세,경상
580,2016070500100080,2016년 7월 5일 07시,화요일,안양천로,경상사고,0,0,1,0,차대차 - 측면직각충돌,안전운전불이행,포장 - 습기,비,교차로 - 교차로안,승용,남,60세,상해없음,승용,남,54세,경상
581,2016070500100101,2016년 7월 5일 08시,화요일,목동중앙북로,부상신고사고,0,0,0,1,차대사람 - 기타,안전운전불이행,포장 - 습기,비,단일로 - 기타,기타불명,기타불명,기타불명,기타불명,보행자,남,33세,부상신고
582,2016070500100341,2016년 7월 5일 16시,화요일,신목로,중상사고,0,1,2,0,차대차 - 측면직각충돌,중앙선침범,포장 - 습기,비,단일로 - 기타,화물,남,22세,상해없음,승용,남,50세,경상
583,2016070500100371,2016년 7월 5일 17시,화요일,목동동로,경상사고,0,0,1,0,차대차 - 측면직각충돌,안전운전불이행,포장 - 습기,비,단일로 - 기타,승용,남,41세,상해없음,승용,여,73세,경상
584,2016070500100493,2016년 7월 5일 20시,화요일,목동로,경상사고,0,0,1,0,차대차 - 측면직각충돌,안전거리미확보,포장 - 습기,비,단일로 - 기타,화물,남,44세,상해없음,승용,남,38세,경상
585,2016071600100558,2016년 7월 16일 20시,토요일,목동동로,경상사고,0,0,1,0,차대차 - 측면직각충돌,안전거리미확보,포장 - 습기,비,단일로 - 기타,승용,남,64세,상해없음,승용,남,58세,경상
586,2016072700100106,2016년 7월 27일 08시,수요일,남부순환로,경상사고,0,0,1,0,차대차 - 추돌 - 진행중,안전운전불이행,포장 - 습기,비,교차로 - 교차로부근,승용,남,46세,상해없음,화물,남,75세,경상
587,2016072900100595,2016년 7월 29일 21시,금요일,공항대로,경상사고,0,0,1,0,차대차 - 추돌 - 진행중,안전거리미확보,포장 - 습기,비,단일로 - 기타,승용,남,39세,상해없음,승용,남,53세,경상
588,2016080200100386,2016년 8월 2일 18시,화요일,신월로,경상사고,0,0,2,0,차대차 - 측면직각충돌,안전운전불이행,포장 - 습기,비,단일로 - 기타,승용,기타불명,기타불명,기타불명,승용,여,45세,경상
589,2016082500100480,2016년 8월 25일 19시,목요일,중앙로,중상사고,0,2,5,0,차대차 - 추돌 - 진행중,안전거리미확보,포장 - 습기,비,단일로 - 기타,승용,남,31세,경상,승용,여,46세,경상
590,2016082500100524,2016년 8월 25일 20시,목요일,화곡로,중상사고,0,1,0,0,차대차 - 정면충돌,안전운전불이행,포장 - 습기,비,교차로 - 교차로안,승용,여,42세,상해없음,원동기,남,49세,중상
591,2016082500100525,2016년 8월 25일 20시,목요일,남부순환로,중상사고,0,1,0,0,차대차 - 추돌 - 진행중,안전거리미확보,비포장 - 습기,비,단일로 - 기타,승용,남,49세,상해없음,원동기,남,51세,중상
592,2016082500100526,2016년 8월 25일 20시,목요일,오목로,경상사고,0,0,1,0,차대차 - 기타,안전운전불이행,포장 - 습기,비,단일로 - 기타,승용,기타불명,기타불명,기타불명,이륜,남,41세,경상
593,2016082500100590,2016년 8월 25일 22시,목요일,가로공원로,경상사고,0,0,1,0,차대차 - 기타,기타,포장 - 습기,비,단일로 - 기타,승용,남,59세,상해없음,자전거,남,32세,경상
594,2016082600100044,2016년 8월 26일 01시,금요일,남부순환로,경상사고,0,0,3,0,차대차 - 측면직각충돌,안전거리미확보,포장 - 습기,비,단일로 - 기타,승용,여,34세,상해없음,승용,남,38세,경상
595,2016083100100139,2016년 8월 31일 08시,수요일,목동동로,중상사고,0,1,0,0,차대사람 - 횡단중,보행자보호의무위반,포장 - 습기,비,단일로 - 기타,승용,남,56세,상해없음,보행자,남,79세,중상
596,2016083100100410,2016년 8월 31일 16시,수요일,등촌로,경상사고,0,0,1,0,차대차 - 기타,안전거리미확보,포장 - 습기,비,단일로 - 기타,승용,남,59세,상해없음,승용,여,52세,경상
597,2016083100100632,2016년 8월 31일 23시,수요일,목동남로,부상신고사고,0,0,0,1,차량단독 - 전도전복,안전운전불이행,포장 - 습기,비,교차로 - 교차로부근,원동기,남,16세,부상신고,,,,
598,2016061100100664,2016년 6월 11일 23시,토요일,중대로,부상신고사고,0,0,0,1,차대차 - 추돌 - 진행중,안전운전불이행,포장 - 습기,비,단일로 - 기타,승용,남,50세,상해없음,승용,남,63세,부상신고
599,2016062200100229,2016년 6월 22일 13시,수요일,석촌호수로,경상사고,0,0,1,0,차대사람 - 기타,안전운전불이행,포장 - 습기,비,단일로 - 기타,승용,남,72세,상해없음,보행자,여,77세,경상
600,2016062200100387,2016년 6월 22일 17시,수요일,오금로,경상사고,0,0,1,0,차대차 - 기타,안전운전불이행,포장 - 습기,비,교차로 - 교차로안,승용,남,48세,상해없음,자전거,남,54세,경상
601,2016062400100040,2016년 6월 24일 02시,금요일,한가람로,부상신고사고,0,0,0,1,차대차 - 측면직각충돌,차로위반,포장 - 습기,비,단일로 - 기타,승용,남,37세,상해없음,승용,남,56세,부상신고
602,2016062400100130,2016년 6월 24일 08시,금요일,한가람로,경상사고,0,0,2,0,차대차 - 추돌 - 진행중,안전운전불이행,포장 - 습기,비,단일로 - 기타,승용,남,68세,상해없음,승용,남,64세,경상
603,2016062400100183,2016년 6월 24일 09시,금요일,올림픽로,경상사고,0,0,2,0,차대차 - 추돌 - 진행중,안전운전불이행,포장 - 습기,비,교차로 - 교차로부근,승용,남,48세,상해없음,승용,남,64세,경상
604,2016070100100547,2016년 7월 1일 19시,금요일,충민로,부상신고사고,0,0,0,2,차대차 - 측면직각충돌,안전운전불이행,포장 - 습기,비,교차로 - 교차로안,승용,남,59세,상해없음,승용,여,36세,부상신고
605,2016070100100604,2016년 7월 1일 20시,금요일,삼학사로,경상사고,0,0,1,0,차대차 - 측면직각충돌,안전운전불이행,포장 - 습기,비,교차로 - 교차로안,승용,여,30세,상해없음,승용,남,61세,경상
606,2016070100100713,2016년 7월 1일 22시,금요일,올림픽로,경상사고,0,0,1,0,차대차 - 추돌 - 진행중,안전운전불이행,포장 - 습기,비,교차로 - 교차로안,승용,남,52세,상해없음,원동기,남,51세,경상
607,2016070100100760,2016년 7월 1일 23시,금요일,문정로,중상사고,0,1,0,0,차대차 - 정면충돌,신호위반,포장 - 습기,비,교차로 - 교차로안,승용,여,36세,상해없음,원동기,남,17세,중상
608,2016070200100047,2016년 7월 2일 01시,토요일,올림픽로,경상사고,0,0,1,1,차대차 - 측면직각충돌,안전거리미확보,포장 - 습기,비,단일로 - 기타,승용,남,32세,부상신고,승용,남,53세,상해없음
609,2016070400100292,2016년 7월 4일 15시,월요일,백제고분로,경상사고,0,0,1,0,차대사람 - 기타,안전운전불이행,포장 - 습기,비,단일로 - 기타,승용,남,54세,상해없음,보행자,여,47세,경상
610,2016070400100581,2016년 7월 4일 23시,월요일,오금로,중상사고,0,1,0,0,차대사람 - 횡단중,보행자보호의무위반,포장 - 습기,비,교차로 - 교차로부근,승용,남,59세,상해없음,보행자,남,24세,중상
611,2016070500100009,2016년 7월 5일 00시,화요일,송파대로,부상신고사고,0,0,0,2,차대차 - 기타,교차로운행방법위반,포장 - 습기,비,교차로 - 교차로안,승용,남,51세,부상신고,승용,남,47세,부상신고
612,2016070500100136,2016년 7월 5일 09시,화요일,백제고분로,경상사고,0,0,1,0,차량단독 - 기타,기타,포장 - 습기,비,단일로 - 기타,승합,남,59세,상해없음,,,,
613,2016070600100002,2016년 7월 6일 00시,수요일,올림픽로,경상사고,0,0,2,1,차대차 - 측면직각충돌,신호위반,포장 - 습기,비,교차로 - 교차로안,승용,남,49세,부상신고,승용,남,50세,경상
614,2016070600100295,2016년 7월 6일 14시,수요일,위례순환로,경상사고,0,0,1,0,차대사람 - 횡단중,보행자보호의무위반,포장 - 습기,비,교차로 - 교차로부근,승합,남,37세,상해없음,보행자,여,8세,경상
615,2016070700100168,2016년 7월 7일 11시,목요일,올림픽로,중상사고,0,1,0,0,차량단독 - 기타,기타,포장 - 습기,비,단일로 - 기타,승용,남,55세,상해없음,,,,
616,2016071200100121,2016년 7월 12일 08시,화요일,도곡로,부상신고사고,0,0,0,1,차대차 - 측면직각충돌,신호위반,포장 - 습기,비,교차로 - 교차로안,승용,남,41세,상해없음,자전거,남,14세,부상신고
617,2016071200100124,2016년 7월 12일 08시,화요일,성내천로,경상사고,0,0,1,0,차대사람 - 길가장자리구역통행중,안전운전불이행,포장 - 습기,비,단일로 - 기타,승용,기타불명,기타불명,기타불명,보행자,여,20세,경상
618,2016071500100608,2016년 7월 15일 21시,금요일,백제고분로,경상사고,0,0,4,0,차대차 - 추돌 - 진행중,안전운전불이행,포장 - 습기,안개,단일로 - 기타,승용,남,56세,상해없음,승용,남,69세,경상
619,2016071600100198,2016년 7월 16일 09시,토요일,성내천로,중상사고,0,1,0,0,차대차 - 측면직각충돌,안전운전불이행,포장 - 습기,비,교차로 - 교차로부근,승용,남,60세,상해없음,자전거,남,84세,중상
620,2016071600100463,2016년 7월 16일 17시,토요일,백제고분로,경상사고,0,0,1,0,차대차 - 측면직각충돌,직진우회전진행방해,포장 - 습기,비,교차로 - 교차로안,승용,남,55세,상해없음,원동기,남,17세,상해없음
621,2016071600100619,2016년 7월 16일 22시,토요일,가락로,경상사고,0,0,1,0,차대차 - 측면직각충돌,안전운전불이행,포장 - 습기,비,교차로 - 교차로안,승용,남,56세,상해없음,이륜,남,32세,경상
622,2016071700100005,2016년 7월 17일 00시,일요일,가락로,중상사고,0,1,0,0,차대사람 - 길가장자리구역통행중,안전운전불이행,포장 - 습기,비,단일로 - 기타,이륜,남,37세,상해없음,보행자,여,51세,중상
623,2016071800100013,2016년 7월 18일 01시,월요일,중대로,중상사고,0,1,0,0,차대차 - 측면직각충돌,중앙선침범,포장 - 습기,비,단일로 - 기타,화물,남,53세,상해없음,자전거,남,47세,중상
624,2016072700100516,2016년 7월 27일 20시,수요일,탄천동로,경상사고,0,0,2,0,차대차 - 정면충돌,신호위반,포장 - 습기,비,교차로 - 교차로안,승용,여,59세,상해없음,승용,여,58세,경상
625,2016072800100038,2016년 7월 28일 03시,목요일,송파대로,중상사고,0,1,0,0,차대사람 - 횡단중,안전운전불이행,포장 - 습기,비,단일로 - 횡단보도상,승용,남,55세,상해없음,보행자,남,27세,중상
626,2016072800100039,2016년 7월 28일 03시,목요일,중대로,중상사고,0,1,0,0,차대차 - 추돌 - 진행중,안전운전불이행,포장 - 습기,비,단일로 - 기타,승용,남,56세,상해없음,기타불명,남,43세,상해없음
627,2016072900100174,2016년 7월 29일 10시,금요일,거마로,부상신고사고,0,0,0,1,차대차 - 측면직각충돌,안전운전불이행,포장 - 습기,비,단일로 - 기타,승용,남,34세,상해없음,원동기,남,63세,부상신고
628,2016073000100006,2016년 7월 30일 00시,토요일,거마로,경상사고,0,0,1,0,차대차 - 기타,안전운전불이행,포장 - 습기,비,교차로 - 교차로부근,이륜,기타불명,기타불명,기타불명,이륜,남,22세,경상
629,2016073000100028,2016년 7월 30일 01시,토요일,오금로,경상사고,0,0,1,0,차대차 - 측면직각충돌,안전운전불이행,포장 - 습기,비,단일로 - 횡단보도상,승용,남,57세,상해없음,원동기,남,52세,경상
630,2016081400100375,2016년 8월 14일 19시,일요일,백제고분로,중상사고,0,1,0,0,차대차 - 측면직각충돌,중앙선침범,포장 - 습기,비,단일로 - 기타,승용,남,60세,상해없음,이륜,남,49세,중상
631,2016082500100559,2016년 8월 25일 21시,목요일,송파대로,경상사고,0,0,1,0,차대차 - 추돌 - 진행중,안전거리미확보,포장 - 습기,비,교차로 - 교차로안,승합,남,54세,상해없음,승용,남,70세,경상
632,2016082600100037,2016년 8월 26일 01시,금요일,양재대로,경상사고,0,0,1,0,차대차 - 측면직각충돌,신호위반,포장 - 습기,비,교차로 - 교차로안,원동기,남,25세,경상,승용,남,61세,상해없음
633,2016082600100038,2016년 8월 26일 01시,금요일,양재대로,부상신고사고,0,0,0,1,차대차 - 측면직각충돌,안전운전불이행,포장 - 습기,비,단일로 - 기타,이륜,남,23세,부상신고,승용,남,55세,상해없음
634,2016082600100053,2016년 8월 26일 02시,금요일,백제고분로,경상사고,0,0,2,0,차대차 - 추돌 - 진행중,안전운전불이행,포장 - 습기,비,단일로 - 기타,화물,남,55세,상해없음,승용,남,49세,경상
635,2016082600100103,2016년 8월 26일 05시,금요일,오금로,경상사고,0,0,1,0,차대차 - 추돌 - 진행중,안전운전불이행,포장 - 습기,비,교차로 - 교차로안,승용,남,39세,상해없음,승용,남,54세,경상
636,2016082800100273,2016년 8월 28일 15시,일요일,백제고분로,경상사고,0,0,1,0,차대사람 - 횡단중,안전운전불이행,포장 - 습기,비,단일로 - 기타,자전거,남,39세,상해없음,보행자,남,4세,경상
637,2016083100100047,2016년 8월 31일 03시,수요일,올림픽로,경상사고,0,0,2,0,차대차 - 측면직각충돌,신호위반,포장 - 습기,비,교차로 - 교차로안,승용,남,56세,상해없음,승합,남,73세,경상
638,2016083100100083,2016년 8월 31일 05시,수요일,문정로,중상사고,0,1,0,0,차대사람 - 횡단중,안전운전불이행,포장 - 습기,비,교차로 - 교차로안,승용,남,57세,상해없음,보행자,여,48세,중상
639,2016083100100190,2016년 8월 31일 09시,수요일,석촌호수로,경상사고,0,0,1,0,차량단독 - 전도전복,안전운전불이행,포장 - 습기,비,교차로 - 교차로부근,승합,남,33세,상해없음,,,,
640,2016083100100370,2016년 8월 31일 15시,수요일,강동대로,경상사고,0,0,4,1,차대차 - 측면직각충돌,안전운전불이행,포장 - 습기,비,단일로 - 기타,승용,여,41세,부상신고,승용,여,45세,경상
641,2016061200100027,2016년 6월 12일 01시,일요일,동일로,경상사고,0,0,1,0,차대사람 - 횡단중,안전운전불이행,포장 - 습기,비,단일로 - 기타,승용,남,55세,상해없음,보행자,남,32세,경상
642,2016061500100377,2016년 6월 15일 16시,수요일,사가정로,경상사고,0,0,1,0,차대차 - 측면직각충돌,신호위반,포장 - 습기,비,단일로 - 기타,원동기,남,31세,상해없음,승용,남,27세,경상
643,2016061600100019,2016년 6월 16일 01시,목요일,동일로,경상사고,0,0,1,0,차량단독 - 기타,안전운전불이행,포장 - 습기,비,단일로 - 횡단보도부근,승용,남,53세,상해없음,,,,
644,2016063000100466,2016년 6월 30일 20시,목요일,망우로,경상사고,0,0,2,0,차대차 - 추돌 - 진행중,안전운전불이행,포장 - 습기,비,단일로 - 기타,승용,남,56세,상해없음,승용,남,33세,경상
645,2016070100100602,2016년 7월 1일 20시,금요일,사가정로,중상사고,0,1,3,2,차대차 - 추돌 - 진행중,안전운전불이행,포장 - 습기,비,교차로 - 교차로부근,승용,남,73세,상해없음,승용,여,36세,중상
646,2016070200100068,2016년 7월 2일 02시,토요일,봉우재로,중상사고,0,1,0,0,차대사람 - 기타,안전운전불이행,포장 - 습기,비,단일로 - 기타,승용,남,51세,상해없음,보행자,남,52세,중상
647,2016070400100150,2016년 7월 4일 10시,월요일,사가정로,경상사고,0,0,1,0,차대차 - 측면직각충돌,안전거리미확보,포장 - 습기,비,교차로 - 교차로부근,승용,남,67세,상해없음,건설기계,남,56세,상해없음
648,2016070400100578,2016년 7월 4일 23시,월요일,봉우재로,경상사고,0,0,1,0,차대사람 - 차도통행중,중앙선침범,포장 - 습기,비,단일로 - 기타,승용,남,56세,상해없음,보행자,남,35세,경상
649,2016070500100057,2016년 7월 5일 05시,화요일,망우로,경상사고,0,0,1,0,차대차 - 측면직각충돌,차로위반,포장 - 습기,비,교차로 - 교차로부근,이륜,남,60세,상해없음,승합,남,57세,상해없음
650,2016070500100238,2016년 7월 5일 13시,화요일,신내로,경상사고,0,0,2,0,차대차 - 측면직각충돌,안전운전불이행,포장 - 습기,비,단일로 - 기타,승용,남,53세,경상,승용,여,40세,경상
651,2016070500100597,2016년 7월 5일 23시,화요일,중랑천로,중상사고,0,1,0,0,차대사람 - 횡단중,안전운전불이행,포장 - 습기,비,교차로 - 교차로안,승용,남,34세,상해없음,보행자,남,59세,중상
652,2016071100100457,2016년 7월 11일 18시,월요일,면목천로,중상사고,0,1,1,0,차대사람 - 횡단중,신호위반,포장 - 습기,비,교차로 - 교차로안,이륜,남,19세,상해없음,보행자,남,46세,중상
653,2016071600100006,2016년 7월 16일 00시,토요일,중랑역로,경상사고,0,0,1,0,차대사람 - 횡단중,보행자보호의무위반,포장 - 습기,비,교차로 - 교차로안,기타불명,기타불명,45세,기타불명,보행자,남,60세,경상
654,2016071600100058,2016년 7월 16일 02시,토요일,겸재로,경상사고,0,0,1,0,차대차 - 추돌 - 진행중,안전거리미확보,포장 - 습기,비,교차로 - 교차로안,승용,남,59세,상해없음,이륜,남,26세,경상
655,2016071600100099,2016년 7월 16일 04시,토요일,동부간선도로,경상사고,0,0,2,0,차대차 - 측면직각충돌,안전운전불이행,포장 - 습기,비,단일로 - 기타,승용,남,46세,상해없음,승용,남,57세,경상
656,2016071600100136,2016년 7월 16일 06시,토요일,면목로,경상사고,0,0,2,0,차대사람 - 차도통행중,안전운전불이행,포장 - 습기,비,교차로 - 교차로부근,화물,남,63세,상해없음,보행자,남,42세,경상
657,2016071600100166,2016년 7월 16일 08시,토요일,동일로,부상신고사고,0,0,0,1,차량단독 - 전도전복,안전운전불이행,포장 - 습기,비,단일로 - 기타,이륜,남,43세,부상신고,,,,
658,2016071600100196,2016년 7월 16일 09시,토요일,경춘북로,경상사고,0,0,1,0,차대차 - 정면충돌,안전거리미확보,포장 - 습기,비,교차로 - 교차로부근,승용,남,30세,상해없음,승용,여,37세,경상
659,2016071600100316,2016년 7월 16일 13시,토요일,사가정로,경상사고,0,0,1,0,차대차 - 기타,교차로운행방법위반,포장 - 습기,비,교차로 - 교차로안,승용,남,52세,상해없음,승용,남,36세,경상
660,2016071600100489,2016년 7월 16일 18시,토요일,면목로,경상사고,0,0,1,1,차대차 - 측면직각충돌,안전운전불이행,포장 - 습기,비,단일로 - 기타,이륜,남,21세,부상신고,승용,남,61세,경상
661,2016072700100585,2016년 7월 27일 22시,수요일,신내로,경상사고,0,0,1,0,차대차 - 추돌 - 진행중,안전거리미확보,포장 - 습기,비,교차로 - 교차로부근,이륜,남,18세,상해없음,승용,남,48세,경상
662,2016072900100659,2016년 7월 29일 23시,금요일,신내로,경상사고,0,0,4,0,차대차 - 측면직각충돌,신호위반,포장 - 습기,비,교차로 - 교차로안,승용,여,45세,상해없음,승용,남,55세,경상
663,2016082500100476,2016년 8월 25일 19시,목요일,용마산로,중상사고,0,1,0,0,차대차 - 측면직각충돌,신호위반,포장 - 습기,비,단일로 - 기타,이륜,남,19세,중상,승용,남,52세,상해없음
664,2016083100100069,2016년 8월 31일 04시,수요일,용마산로,경상사고,0,0,2,0,차대차 - 측면직각충돌,안전운전불이행,포장 - 습기,비,교차로 - 교차로안,승용,남,58세,기타불명,승용,여,50세,경상
665,2016083100100326,2016년 8월 31일 14시,수요일,봉우재로,경상사고,0,0,1,0,차대사람 - 차도통행중,안전운전불이행,포장 - 습기,비,교차로 - 교차로부근,승용,남,58세,상해없음,보행자,여,41세,경상
666,2016061100100290,2016년 6월 11일 13시,토요일,을지로,경상사고,0,0,1,0,차대차 - 추돌 - 진행중,중앙선침범,포장 - 습기,비,교차로 - 교차로부근,원동기,남,40세,경상,승용,남,56세,상해없음
667,2016061100100365,2016년 6월 11일 15시,토요일,동호로,중상사고,0,1,1,0,차대차 - 측면직각충돌,신호위반,포장 - 습기,비,단일로 - 횡단보도상,승용,남,71세,상해없음,이륜,남,37세,중상
668,2016061400100464,2016년 6월 14일 19시,화요일,퇴계로,경상사고,0,0,1,0,차대차 - 측면직각충돌,안전거리미확보,포장 - 습기,비,단일로 - 기타,승용,남,48세,상해없음,이륜,남,24세,경상
669,2016061500100074,2016년 6월 15일 07시,수요일,삼일대로,경상사고,0,0,1,1,차대차 - 추돌 - 진행중,안전거리미확보,포장 - 습기,비,단일로 - 기타,승용,남,45세,상해없음,승용,남,24세,부상신고
670,2016061500100411,2016년 6월 15일 17시,수요일,소월로,중상사고,0,1,0,0,차대차 - 기타,중앙선침범,포장 - 습기,비,단일로 - 기타,승용,남,49세,상해없음,이륜,남,30세,중상
671,2016062400100094,2016년 6월 24일 07시,금요일,새종대로,경상사고,0,0,1,0,차대사람 - 횡단중,안전운전불이행,포장 - 습기,비,교차로 - 교차로부근,승용,남,53세,상해없음,보행자,남,62세,경상
672,2016062400100124,2016년 6월 24일 08시,금요일,퇴계로,경상사고,0,0,1,0,차대사람 - 차도통행중,안전운전불이행,포장 - 습기,비,단일로 - 기타,승용,남,55세,상해없음,보행자,여,43세,경상
673,2016062400100125,2016년 6월 24일 08시,금요일,퇴계로,중상사고,0,1,0,0,차대차 - 추돌 - 진행중,안전운전불이행,포장 - 습기,비,단일로 - 기타,승용,남,45세,상해없음,승용,남,24세,중상
674,2016070200100125,2016년 7월 2일 05시,토요일,세종대로,경상사고,0,0,1,0,차량단독 - 공작물충돌,안전운전불이행,포장 - 습기,비,단일로 - 기타,승용,남,56세,상해없음,,,,
675,2016070400100228,2016년 7월 4일 13시,월요일,다산로,경상사고,0,0,1,0,차대차 - 측면직각충돌,안전거리미확보,포장 - 습기,비,단일로 - 기타,승용,여,40세,상해없음,승용,남,51세,경상
676,2016070400100569,2016년 7월 4일 23시,월요일,삼일대로,경상사고,0,0,1,0,차대사람 - 횡단중,안전운전불이행,포장 - 습기,비,단일로 - 기타,승용,여,40세,상해없음,보행자,남,56세,경상
677,2016070400100570,2016년 7월 4일 23시,월요일,청파로,중상사고,0,1,2,0,차대차 - 측면직각충돌,신호위반,포장 - 습기,비,교차로 - 교차로안,승용,남,67세,경상,승용,여,28세,중상
678,2016070500100001,2016년 7월 5일 00시,화요일,난계로,경상사고,0,0,1,0,차대사람 - 기타,안전운전불이행,포장 - 습기,비,단일로 - 기타,승용,남,62세,상해없음,보행자,남,46세,경상
679,2016070500100235,2016년 7월 5일 13시,화요일,세종대로,경상사고,0,0,1,0,차대차 - 측면직각충돌,안전거리미확보,포장 - 습기,비,단일로 - 기타,승용,여,58세,상해없음,승용,남,65세,경상
680,2016070500100558,2016년 7월 5일 22시,화요일,동호로,경상사고,0,0,4,0,차대차 - 측면직각충돌,안전운전불이행,포장 - 습기,비,교차로 - 교차로부근,승용,여,42세,경상,승용,남,30세,경상
681,2016070700100093,2016년 7월 7일 08시,목요일,다산로,중상사고,0,1,0,0,차대차 - 기타,안전거리미확보,포장 - 습기,비,교차로 - 교차로부근,승용,남,63세,상해없음,이륜,남,48세,중상
682,2016070800100673,2016년 7월 8일 23시,금요일,세종대로,부상신고사고,0,0,0,1,차대사람 - 횡단중,보행자보호의무위반,포장 - 습기,비,단일로 - 횡단보도상,승용,기타불명,기타불명,기타불명,보행자,남,46세,부상신고
683,2016071200100051,2016년 7월 12일 04시,화요일,세종대로,중상사고,0,1,0,0,차대사람 - 횡단중,안전운전불이행,포장 - 습기,비,단일로 - 횡단보도상,승용,남,60세,상해없음,보행자,남,51세,중상
684,2016071500100637,2016년 7월 15일 22시,금요일,동호로,경상사고,0,0,3,0,차대차 - 측면직각충돌,신호위반,포장 - 습기,비,교차로 - 교차로안,승용,남,61세,상해없음,승용,남,56세,경상
685,2016071600100385,2016년 7월 16일 15시,토요일,장충단로,경상사고,0,0,2,0,차대차 - 추돌 - 진행중,안전운전불이행,포장 - 습기,비,단일로 - 기타,승용,남,62세,상해없음,화물,남,33세,경상
686,2016071600100487,2016년 7월 16일 18시,토요일,을지로,경상사고,0,0,1,0,차대사람 - 횡단중,안전운전불이행,포장 - 습기,비,교차로 - 교차로부근,승용,기타불명,기타불명,기타불명,보행자,여,25세,경상
687,2016072700100253,2016년 7월 27일 13시,수요일,세종대로,중상사고,0,1,0,0,차대차 - 기타,안전운전불이행,포장 - 습기,비,단일로 - 기타,원동기,남,64세,중상,화물,남,36세,상해없음
688,2016072900100656,2016년 7월 29일 23시,금요일,남대문로,경상사고,0,0,1,0,차대차 - 측면직각충돌,중앙선침범,포장 - 습기,비,단일로 - 기타,승합,남,44세,상해없음,승용,남,48세,경상
689,2016080900100516,2016년 8월 9일 21시,화요일,소공로,중상사고,0,1,0,0,차대차 - 추돌 - 진행중,안전거리미확보,포장 - 습기,비,단일로 - 기타,승용,남,66세,상해없음,원동기,남,42세,중상
690,2016082500100473,2016년 8월 25일 19시,목요일,마른내로,경상사고,0,0,2,0,차대차 - 기타,교차로운행방법위반,포장 - 습기,비,교차로 - 교차로안,승용,남,63세,상해없음,승용,남,56세,경상
691,2016082600100028,2016년 8월 26일 01시,금요일,을지로,중상사고,0,1,1,0,차대차 - 측면직각충돌,신호위반,포장 - 습기,비,교차로 - 교차로안,승용,남,35세,상해없음,승용,남,43세,경상
692,2016082600100124,2016년 8월 26일 06시,금요일,새문안로,경상사고,0,0,1,0,차대사람 - 기타,안전운전불이행,포장 - 습기,비,단일로 - 기타,승합,남,56세,상해없음,보행자,남,47세,경상
693,2016083100100044,2016년 8월 31일 03시,수요일,퇴계로,경상사고,0,0,1,0,차대차 - 측면직각충돌,안전운전불이행,포장 - 습기,비,단일로 - 기타,승용,남,56세,상해없음,승용,남,23세,경상
694,2016083100100275,2016년 8월 31일 12시,수요일,세종대로,중상사고,0,1,0,0,차대차 - 측면직각충돌,안전운전불이행,포장 - 습기,비,교차로 - 교차로부근,화물,기타불명,기타불명,기타불명,이륜,남,64세,중상
695,2016083100100298,2016년 8월 31일 13시,수요일,세종대로,경상사고,0,0,1,0,차대차 - 추돌 - 진행중,안전거리미확보,포장 - 습기,비,교차로 - 교차로부근,승용,남,45세,상해없음,승용,남,34세,경상
696,2016061200100001,2016년 6월 12일 00시,일요일,사직로,사망사고,1,0,0,0,차대사람 - 기타,안전운전불이행,포장 - 습기,비,교차로 - 교차로부근,승용,남,56세,상해없음,보행자,여,80세,사망
697,2016061400100544,2016년 6월 14일 21시,화요일,창경궁로,경상사고,0,0,1,0,차대차 - 측면직각충돌,안전운전불이행,포장 - 습기,비,단일로 - 기타,원동기,남,33세,경상,승용,남,31세,상해없음
698,2016061500100111,2016년 6월 15일 08시,수요일,율곡로,경상사고,0,0,1,0,차대차 - 추돌 - 진행중,안전운전불이행,포장 - 습기,비,교차로 - 교차로부근,승용,기타불명,기타불명,기타불명,원동기,남,49세,경상
699,2016061500100275,2016년 6월 15일 13시,수요일,종로,부상신고사고,0,0,0,1,차대사람 - 보도통행중,안전운전불이행,포장 - 습기,비,단일로 - 기타,원동기,기타불명,기타불명,기타불명,보행자,여,24세,부상신고
700,2016062300100570,2016년 6월 23일 23시,목요일,지봉로,부상신고사고,0,0,0,1,차대차 - 측면직각충돌,안전운전불이행,포장 - 습기,비,교차로 - 교차로안,승용,남,29세,상해없음,원동기,남,36세,부상신고
701,2016063000100127,2016년 6월 30일 09시,목요일,평창문화로,경상사고,0,0,1,0,차대차 - 추돌 - 진행중,안전운전불이행,포장 - 습기,비,단일로 - 기타,승용,남,50세,상해없음,승용,남,42세,경상
702,2016070100100391,2016년 7월 1일 16시,금요일,동호로,경상사고,0,0,1,0,차대차 - 기타,안전거리미확보,포장 - 습기,비,단일로 - 기타,승용,남,37세,상해없음,원동기,남,31세,경상
703,2016070100100447,2016년 7월 1일 17시,금요일,세검정로,중상사고,0,1,2,0,차대차 - 측면직각충돌,안전운전불이행,포장 - 결빙,비,교차로 - 교차로안,화물,남,27세,상해없음,승용,남,42세,경상
704,2016070100100541,2016년 7월 1일 19시,금요일,자하문로,경상사고,0,0,1,0,차대사람 - 보도통행중,기타,포장 - 습기,비,기타 - 기타,승용,남,57세,상해없음,보행자,여,29세,경상
705,2016070100100542,2016년 7월 1일 19시,금요일,대학로,경상사고,0,0,1,0,차대차 - 기타,중앙선침범,포장 - 습기,비,단일로 - 기타,승용,남,56세,상해없음,원동기,남,19세,경상
706,2016070100100595,2016년 7월 1일 20시,금요일,종로,중상사고,0,1,0,0,차대사람 - 횡단중,신호위반,포장 - 습기,비,단일로 - 횡단보도상,화물,남,58세,상해없음,보행자,남,22세,중상
707,2016070100100750,2016년 7월 1일 23시,금요일,세종대로,중상사고,0,1,0,0,차대사람 - 횡단중,신호위반,포장 - 결빙,비,단일로 - 기타,승합,남,57세,상해없음,보행자,여,28세,중상
708,2016070200100001,2016년 7월 2일 00시,토요일,종로,경상사고,0,0,2,0,차대사람 - 횡단중,안전운전불이행,포장 - 습기,비,단일로 - 기타,승용,남,24세,상해없음,보행자,여,26세,경상
709,2016070200100002,2016년 7월 2일 00시,토요일,대학로,중상사고,0,1,0,0,차대사람 - 기타,안전운전불이행,포장 - 습기,비,단일로 - 기타,승용,남,36세,상해없음,보행자,남,41세,중상
710,2016070400100203,2016년 7월 4일 12시,월요일,우정국로,경상사고,0,0,1,0,차대사람 - 차도통행중,안전운전불이행,포장 - 습기,비,단일로 - 기타,이륜,남,55세,상해없음,보행자,여,39세,경상
711,2016070400100419,2016년 7월 4일 19시,월요일,율곡로,경상사고,0,0,3,0,차대차 - 측면직각충돌,신호위반,포장 - 습기,비,교차로 - 교차로안,승용,남,43세,상해없음,승용,남,30세,경상
712,2016070400100535,2016년 7월 4일 22시,월요일,종로,경상사고,0,0,1,0,차대사람 - 기타,안전운전불이행,포장 - 습기,비,단일로 - 기타,승합,남,58세,상해없음,보행자,남,72세,경상
713,2016070500100002,2016년 7월 5일 00시,화요일,종로,경상사고,0,0,3,0,차대차 - 정면충돌,안전운전불이행,포장 - 습기,비,교차로 - 교차로안,승용,남,49세,상해없음,승용,남,52세,경상
714,2016070500100180,2016년 7월 5일 11시,화요일,세종대로,부상신고사고,0,0,0,1,차대차 - 기타,안전거리미확보,포장 - 습기,비,단일로 - 기타,이륜,남,60세,부상신고,승용,남,69세,상해없음
715,2016071200100091,2016년 7월 12일 07시,화요일,대학로,부상신고사고,0,0,0,1,차대차 - 추돌 - 진행중,안전거리미확보,포장 - 습기,비,단일로 - 기타,이륜,남,33세,부상신고,승용,남,55세,상해없음
716,2016071500100547,2016년 7월 15일 20시,금요일,성균관로,경상사고,0,0,1,0,차대차 - 기타,안전운전불이행,포장 - 습기,비,단일로 - 기타,승용,여,50세,상해없음,원동기,남,36세,경상
717,2016071600100386,2016년 7월 16일 15시,토요일,세종대로,경상사고,0,0,1,0,차대차 - 측면직각충돌,안전거리미확보,포장 - 습기,비,단일로 - 기타,승용,남,32세,상해없음,승합,남,50세,상해없음
718,2016071600100458,2016년 7월 16일 17시,토요일,종로,중상사고,0,1,2,1,차대차 - 측면직각충돌,안전운전불이행,포장 - 습기,비,단일로 - 기타,승용,남,38세,상해없음,승합,남,59세,경상
719,2016072900100214,2016년 7월 29일 11시,금요일,창경궁로,경상사고,0,0,3,0,차대차 - 추돌 - 진행중,안전거리미확보,포장 - 습기,비,교차로 - 교차로부근,승용,남,72세,상해없음,승용,남,66세,상해없음
720,2016080200100378,2016년 8월 2일 18시,화요일,돈화문로,경상사고,0,0,1,0,차대사람 - 차도통행중,안전운전불이행,포장 - 습기,비,단일로 - 기타,원동기,여,35세,경상,보행자,남,58세,상해없음
721,2016082600100029,2016년 8월 26일 01시,금요일,사직로,중상사고,0,1,0,0,차대사람 - 횡단중,안전운전불이행,포장 - 습기,비,교차로 - 교차로부근,승용,남,55세,기타불명,보행자,남,52세,중상
722,2016082600100030,2016년 8월 26일 01시,금요일,우정국로,경상사고,0,0,2,0,차대차 - 정면충돌,중앙선침범,포장 - 습기,비,교차로 - 교차로안,승용,남,52세,상해없음,승용,남,57세,경상
723,2016083000100599,2016년 8월 30일 23시,화요일,사직로,경상사고,0,0,1,0,차대차 - 추돌 - 진행중,안전거리미확보,포장 - 습기,비,단일로 - 기타,승용,남,51세,상해없음,승용,여,42세,경상
724,2016083100100062,2016년 8월 31일 04시,수요일,사직로,중상사고,0,1,0,0,차대사람 - 횡단중,안전운전불이행,포장 - 습기,비,교차로 - 교차로안,화물,남,58세,상해없음,보행자,남,32세,중상
725,2016083100100106,2016년 8월 31일 07시,수요일,평창문화로,경상사고,0,0,1,0,차대차 - 기타,직진우회전진행방해,포장 - 습기,비,교차로 - 교차로안,원동기,남,25세,경상,승용,여,59세,상해없음
726,2016083100100253,2016년 8월 31일 11시,수요일,청계천로,경상사고,0,0,2,0,차대차 - 측면직각충돌,안전운전불이행,포장 - 습기,비,단일로 - 기타,승용,남,43세,상해없음,승용,여,44세,경상
727,2016060700100066,2016년 6월 7일 07시,화요일,연서로,경상사고,0,0,1,0,차대사람 - 기타,안전운전불이행,포장 - 습기,비,단일로 - 기타,화물,남,36세,기타불명,보행자,남,24세,경상
728,2016061100100659,2016년 6월 11일 23시,토요일,은평로,경상사고,0,0,1,0,차대차 - 측면직각충돌,안전운전불이행,포장 - 습기,비,교차로 - 교차로부근,승용,남,57세,상해없음,승용,남,52세,경상
729,2016062300100571,2016년 6월 23일 23시,목요일,은평로,경상사고,0,0,2,0,차대차 - 측면직각충돌,안전운전불이행,포장 - 습기,비,단일로 - 기타,승용,남,32세,상해없음,승용,남,66세,경상
730,2016062400100131,2016년 6월 24일 08시,금요일,통일로,중상사고,0,1,0,0,차대차 - 정면충돌,중앙선침범,포장 - 습기,비,교차로 - 교차로부근,승용,남,55세,상해없음,승용,남,68세,중상
731,2016062600100465,2016년 6월 26일 22시,일요일,연서로,중상사고,0,1,0,0,차대사람 - 횡단중,안전운전불이행,포장 - 습기,비,교차로 - 교차로부근,승용,여,53세,상해없음,보행자,여,14세,중상
732,2016063000100038,2016년 6월 30일 04시,목요일,은평로,중상사고,0,1,0,0,차대차 - 측면직각충돌,안전운전불이행,포장 - 습기,비,단일로 - 횡단보도부근,승용,남,57세,상해없음,자전거,남,52세,중상
733,2016070100100145,2016년 7월 1일 10시,금요일,진흥로,중상사고,0,1,0,0,차대차 - 추돌 - 진행중,안전운전불이행,포장 - 습기,비,교차로 - 교차로부근,승용,남,50세,상해없음,화물,여,66세,중상
734,2016070200100107,2016년 7월 2일 04시,토요일,연서로,경상사고,0,0,1,0,차대차 - 측면직각충돌,안전운전불이행,포장 - 습기,비,단일로 - 기타,승용,남,58세,상해없음,승용,남,22세,경상
735,2016070400100256,2016년 7월 4일 14시,월요일,은평로,경상사고,0,0,1,0,차대사람 - 기타,기타,포장 - 습기,비,단일로 - 기타,기타불명,기타불명,기타불명,기타불명,보행자,여,58세,경상
736,2016070400100381,2016년 7월 4일 18시,월요일,수색로,경상사고,0,0,1,0,차대사람 - 기타,안전운전불이행,포장 - 습기,비,단일로 - 기타,기타불명,기타불명,기타불명,기타불명,보행자,남,56세,경상
737,2016070400100425,2016년 7월 4일 19시,월요일,진흥로,경상사고,0,0,2,0,차대차 - 추돌 - 진행중,안전운전불이행,포장 - 습기,비,단일로 - 기타,승용,여,55세,상해없음,승용,남,38세,경상
738,2016070400100457,2016년 7월 4일 20시,월요일,가양대로,중상사고,0,1,0,0,차대사람 - 보도통행중,보행자보호의무위반,포장 - 습기,비,교차로 - 교차로안,승합,남,54세,상해없음,보행자,남,27세,중상
739,2016070400100462,2016년 7월 4일 20시,월요일,통일로,경상사고,0,0,1,0,차대차 - 측면직각충돌,신호위반,포장 - 습기,비,교차로 - 교차로안,이륜,남,61세,상해없음,이륜,남,45세,경상
740,2016070500100010,2016년 7월 5일 00시,화요일,통일로,중상사고,0,1,2,0,차대사람 - 기타,기타,포장 - 습기,비,교차로 - 교차로부근,승용,남,23세,경상,보행자,남,26세,중상
741,2016070500100132,2016년 7월 5일 09시,화요일,은평터널로,경상사고,0,0,1,0,차대차 - 추돌 - 진행중,안전운전불이행,포장 - 습기,비,교차로 - 교차로부근,승용,여,69세,상해없음,승용,여,39세,경상
742,2016070500100408,2016년 7월 5일 18시,화요일,연서로,경상사고,0,0,1,0,차대차 - 기타,신호위반,포장 - 습기,비,단일로 - 기타,승용,여,65세,상해없음,원동기,남,32세,경상
743,2016071600100071,2016년 7월 16일 03시,토요일,응암로,경상사고,0,0,2,0,차대차 - 측면직각충돌,안전운전불이행,포장 - 습기,비,단일로 - 기타,승용,여,33세,상해없음,승합,남,43세,경상
744,2016071600100492,2016년 7월 16일 18시,토요일,연서로,중상사고,0,1,0,0,차대사람 - 차도통행중,안전운전불이행,포장 - 습기,비,교차로 - 교차로안,승용,남,57세,상해없음,보행자,여,55세,중상
745,2016071600100552,2016년 7월 16일 20시,토요일,은평로,경상사고,0,0,2,0,차대차 - 측면직각충돌,안전거리미확보,포장 - 습기,비,단일로 - 기타,승용,남,29세,상해없음,승용,남,68세,경상
746,2016071600100560,2016년 7월 16일 20시,토요일,연서로,경상사고,0,0,1,0,차대차 - 측면직각충돌,안전운전불이행,포장 - 습기,비,단일로 - 횡단보도부근,승용,남,46세,상해없음,승용,남,59세,상해없음
747,2016071700100006,2016년 7월 17일 00시,일요일,북한산로,경상사고,0,0,1,0,차대차 - 측면직각충돌,안전운전불이행,포장 - 습기,비,교차로 - 교차로부근,이륜,남,22세,경상,승용,남,61세,상해없음
748,2016071700100067,2016년 7월 17일 03시,일요일,연서로,중상사고,0,1,0,0,차대사람 - 횡단중,과속,포장 - 습기,비,교차로 - 교차로부근,승용,남,47세,상해없음,보행자,남,27세,중상
749,2016071700100091,2016년 7월 17일 05시,일요일,통일로,부상신고사고,0,0,0,1,차대차 - 측면직각충돌,안전운전불이행,포장 - 습기,비,단일로 - 기타,승용,남,31세,상해없음,이륜,남,46세,부상신고
750,2016071800100034,2016년 7월 18일 05시,월요일,백련산로,경상사고,0,0,1,0,차대차 - 추돌 - 진행중,안전거리미확보,포장 - 습기,비,기타 - 기타,승용,남,49세,상해없음,화물,남,59세,상해없음
751,2016072000100419,2016년 7월 20일 17시,수요일,응암로,사망사고,1,0,0,0,차대사람 - 횡단중,안전운전불이행,포장 - 습기,비,교차로 - 교차로부근,건설기계,남,62세,상해없음,보행자,여,71세,사망
752,2016072900100665,2016년 7월 29일 23시,금요일,연서로,경상사고,0,0,2,0,차대차 - 기타,직진우회전진행방해,포장 - 습기,비,단일로 - 기타,승용,남,61세,상해없음,승용,남,40세,경상
753,2016082300100266,2016년 8월 23일 14시,화요일,백련산로,부상신고사고,0,0,0,1,차대사람 - 기타,안전운전불이행,포장 - 습기,비,교차로 - 교차로안,승용,여,39세,상해없음,보행자,남,78세,부상신고
754,2016082600100039,2016년 8월 26일 01시,금요일,서오릉로,경상사고,0,0,1,0,차대차 - 추돌 - 진행중,안전운전불이행,포장 - 습기,비,교차로 - 교차로안,자전거,남,26세,경상,승용,남,61세,상해없음
755,2016083100100006,2016년 8월 31일 00시,수요일,불광로,경상사고,0,0,1,0,차대사람 - 횡단중,보행자보호의무위반,포장 - 습기,비,단일로 - 횡단보도상,승용,남,64세,상해없음,보행자,여,36세,경상
756,2016083100100007,2016년 8월 31일 00시,수요일,진흥로,경상사고,0,0,1,0,차대사람 - 기타,기타,포장 - 습기,비,단일로 - 기타,승용,남,69세,상해없음,보행자,남,34세,경상
757,2016083100100049,2016년 8월 31일 03시,수요일,불광로,부상신고사고,0,0,0,1,차대차 - 기타,안전운전불이행,포장 - 습기,비,단일로 - 기타,원동기,남,16세,부상신고,원동기,남,24세,상해없음
758,2016083100100063,2016년 8월 31일 04시,수요일,서오릉로,중상사고,0,1,0,0,차대사람 - 보도통행중,보행자보호의무위반,포장 - 습기,비,단일로 - 기타,승용,남,51세,상해없음,보행자,여,67세,중상
759,2016061100100001,2016년 6월 11일 00시,토요일,남부순환로,중상사고,0,1,0,0,차대차 - 추돌 - 진행중,안전운전불이행,포장 - 습기,비,교차로 - 교차로안,승용,남,42세,상해없음,승용,남,55세,상해없음
760,2016061500100448,2016년 6월 15일 18시,수요일,한강대로,경상사고,0,0,1,0,차량단독 - 전도전복,안전운전불이행,포장 - 습기,비,교차로 - 교차로부근,이륜,남,28세,경상,,,,
761,2016070100100392,2016년 7월 1일 16시,금요일,원효로,경상사고,0,0,1,0,차대차 - 기타,안전운전불이행,포장 - 습기,비,단일로 - 기타,승용,남,34세,상해없음,승용,여,49세,경상
762,2016070100100393,2016년 7월 1일 16시,금요일,강변북로,경상사고,0,0,1,0,차대차 - 추돌 - 진행중,안전운전불이행,포장 - 습기,비,단일로 - 기타,승용,남,58세,상해없음,승용,남,63세,상해없음
763,2016070100100543,2016년 7월 1일 19시,금요일,이태원로,경상사고,0,0,1,0,차대차 - 측면직각충돌,안전운전불이행,포장 - 습기,비,교차로 - 교차로부근,화물,남,60세,상해없음,승용,여,64세,경상
764,2016070100100660,2016년 7월 1일 21시,금요일,한남대로,중상사고,0,1,0,0,차대차 - 정면충돌,불법유턴,포장 - 습기,비,단일로 - 횡단보도상,승용,남,52세,상해없음,이륜,남,22세,중상
765,2016070100100708,2016년 7월 1일 22시,금요일,한강대로,중상사고,0,1,0,1,차대차 - 측면직각충돌,차로위반,포장 - 습기,비,교차로 - 교차로부근,승용,남,51세,상해없음,승용,남,56세,부상신고
766,2016070100100709,2016년 7월 1일 22시,금요일,한강대로,경상사고,0,0,1,0,차대차 - 측면직각충돌,안전거리미확보,포장 - 습기,비,단일로 - 기타,승용,여,38세,상해없음,승용,남,36세,경상
767,2016070400100458,2016년 7월 4일 20시,월요일,청파로,경상사고,0,0,1,0,차대차 - 정면충돌,안전운전불이행,포장 - 습기,비,교차로 - 교차로안,승용,남,51세,상해없음,이륜,남,20세,경상
768,2016070500100212,2016년 7월 5일 12시,화요일,장충단로,중상사고,0,1,0,0,차대차 - 측면직각충돌,중앙선침범,포장 - 습기,비,단일로 - 기타,승용,남,58세,기타불명,승용,여,32세,중상
769,2016070500100524,2016년 7월 5일 21시,화요일,독서당로,경상사고,0,0,1,0,차대차 - 측면직각충돌,안전거리미확보,포장 - 습기,비,단일로 - 기타,기타불명,기타불명,기타불명,기타불명,이륜,남,50세,경상
770,2016070500100560,2016년 7월 5일 22시,화요일,한강대로,경상사고,0,0,1,0,차대차 - 측면직각충돌,안전운전불이행,포장 - 습기,비,교차로 - 교차로안,승용,기타불명,기타불명,기타불명,승용,남,66세,경상
771,2016071500100548,2016년 7월 15일 20시,금요일,새창로,경상사고,0,0,1,0,차대차 - 추돌 - 진행중,안전거리미확보,포장 - 습기,비,교차로 - 교차로부근,승용,남,72세,상해없음,승용,남,35세,경상
772,2016071500100638,2016년 7월 15일 22시,금요일,원효로,경상사고,0,0,1,0,차대사람 - 횡단중,안전운전불이행,포장 - 습기,비,단일로 - 기타,기타불명,기타불명,기타불명,기타불명,보행자,남,27세,경상
773,2016071500100677,2016년 7월 15일 23시,금요일,이태원로,경상사고,0,0,1,0,차대차 - 기타,신호위반,포장 - 습기,비,단일로 - 기타,승용,남,53세,상해없음,승용,여,53세,경상
774,2016071600100098,2016년 7월 16일 04시,토요일,장문로,중상사고,0,1,0,0,차대사람 - 횡단중,안전운전불이행,포장 - 습기,비,교차로 - 교차로안,기타불명,기타불명,기타불명,기타불명,보행자,남,28세,중상
775,2016071600100134,2016년 7월 16일 06시,토요일,강변북로,경상사고,0,0,1,0,차량단독 - 공작물충돌,안전운전불이행,포장 - 습기,비,단일로 - 기타,승용,남,54세,상해없음,,,,
776,2016071600100286,2016년 7월 16일 12시,토요일,강변북로,경상사고,0,0,1,0,차대차 - 기타,안전거리미확보,포장 - 습기,비,단일로 - 기타,승용,남,69세,상해없음,승용,남,47세,경상
777,2016071600100590,2016년 7월 16일 21시,토요일,두텁바위로,경상사고,0,0,1,0,차대사람 - 횡단중,보행자보호의무위반,포장 - 습기,비,단일로 - 횡단보도상,기타불명,기타불명,기타불명,기타불명,보행자,남,55세,경상
778,2016071600100616,2016년 7월 16일 22시,토요일,서빙고로,경상사고,0,0,1,0,차대차 - 추돌 - 진행중,안전운전불이행,포장 - 습기,비,단일로 - 기타,승용,남,27세,기타불명,승용,남,58세,경상
779,2016071700100089,2016년 7월 17일 05시,일요일,장충단로,경상사고,0,0,2,0,차량단독 - 공작물충돌,안전운전불이행,포장 - 습기,비,단일로 - 기타,승용,남,53세,상해없음,,,,
780,2016072900100150,2016년 7월 29일 09시,금요일,한남대로,중상사고,0,1,0,0,차대차 - 추돌 - 진행중,안전거리미확보,포장 - 습기,비,단일로 - 기타,이륜,남,45세,중상,승용,남,63세,상해없음
781,2016082800100170,2016년 8월 28일 11시,일요일,이태원로,부상신고사고,0,0,0,1,차대차 - 측면직각충돌,안전운전불이행,포장 - 습기,비,교차로 - 교차로부근,승용,남,61세,상해없음,이륜,남,42세,부상신고
782,2016082800100312,2016년 8월 28일 16시,일요일,서빙고로,중상사고,0,1,1,0,차대차 - 추돌 - 진행중,안전운전불이행,포장 - 습기,비,단일로 - 기타,자전거,남,57세,경상,자전거,남,40세,중상
783,2016082800100379,2016년 8월 28일 18시,일요일,한남대로,경상사고,0,0,1,0,차대차 - 정면충돌,안전거리미확보,포장 - 습기,비,교차로 - 교차로부근,화물,남,63세,상해없음,승용,남,31세,경상
784,2016083000100576,2016년 8월 30일 22시,화요일,강변북로,경상사고,0,0,1,1,차대차 - 추돌 - 진행중,안전거리미확보,포장 - 습기,비,단일로 - 기타,승용,남,48세,상해없음,승합,남,45세,부상신고
